﻿<?xml version="1.0" encoding="UTF-8"?>
<window id="1116">
  <defaultcontrol always="true">9000</defaultcontrol>
  <include>OpenClose</include>
  <controls>
    <control type="multiimage">
      <include>Dimensions_Fullscreen</include>
      <timeperimage>8000</timeperimage>
      <fadetime>400</fadetime>
      <imagepath background="true">$INFO[Container(9000).ListItem.Icon]</imagepath>
      <randomize>true</randomize>
      <aspectratio aligny="top">scale</aspectratio>
    </control>
    <include>Time</include>
    <control type="group">
      <posy>30</posy>
      <control type="group" description="Furniture">
        <control type="image" description="Top glass border">
          <posx>0</posx>
          <posy>647</posy>
          <width>1920</width>
          <height>47</height>
          <texture border="0,10,0,0">common/NavbarGlass.png</texture>
        </control>
        <control type="image" description="Bottom glass border">
          <animation effect="slide" start="0,0" end="0,-20" time="200" condition="!Control.IsVisible(9001)">Conditional</animation>
		  <posx>0</posx>
          <posy>789</posy>
          <width>1920</width>
          <height>87</height>
          <texture flipy="true">common/NavbarGlass.png</texture>
        </control>
        <control type="image">
          <posx>0</posx>
          <posy>630</posy>
          <width>1920</width>
          <height>225</height>
          <texture>common/NavbarBack.png</texture>
        </control>
        <control type="image">
          <posx>0</posx>
          <posy>625</posy>
          <width>1920</width>
          <height>225</height>
          <texture flipy="true">home/NavbarOverlay.png</texture>
        </control>
      </control>
      <control type="fixedlist" id="9000" description="Main Bar">
        <animation effect="fade" time="200" start="100" end="10" reversible="true" condition="!Control.HasFocus(9000)">Conditional</animation>
        <posx>-338</posx>
        <posy>687</posy>
        <width>3069</width>
        <height>225</height>
        <onup>700</onup>
        <onleft>9000</onleft>
        <onright>9000</onright>
        <ondown>9001</ondown>
        <pagecontrol>-</pagecontrol>
        <scrolltime tween="quadratic" easing="out">300</scrolltime>
        <focusposition>2</focusposition>
        <movement>0</movement>
        <preloaditems>4</preloaditems>
        <orientation>horizontal</orientation>
        <itemlayout height="70" width="519">
          <control type="label">
            <posx>260</posx>
            <posy>0</posy>
            <width>519</width>
            <textcolor>Grey</textcolor>
            <shadowcolor>-</shadowcolor>
            <height>70</height>
            <align>center</align>
            <aligny>top</aligny>
			<textoffsety>2</textoffsety>
            <label>[UPPERCASE]$INFO[ListItem.Label][/UPPERCASE]</label>
            <font>MainMenu</font>
          </control>
		</itemlayout>
        <focusedlayout height="70" width="519">
          <control type="label">
            <posx>260</posx>
            <posy>0</posy>
            <width>519</width>
            <textcolor>White2</textcolor>
            <shadowcolor>-</shadowcolor>
            <height>70</height>
            <align>center</align>
            <aligny>top</aligny>
			<textoffsety>2</textoffsety>
            <label>[UPPERCASE]$INFO[ListItem.Label][/UPPERCASE]</label>
            <font>MainMenu</font>
          </control>
		</focusedlayout>
        <content>
          <item id="21" description="CustomHome1">
            <visible>!IsEmpty(Skin.String(CustomHome.1.Path))</visible>
            <label>$INFO[Skin.String(CustomHome.1.Label)]</label>
            <thumb fallback="special://skin/backgrounds/default/default.jpg">$INFO[Skin.String(CustomHome.1.Background)]</thumb>
            <onclick>RunScript(script.favourites,changetitle=true&amp;property=CustomHome.1)</onclick>
	      </item>
		  <item id="21" description="CustomHome1">
            <visible>IsEmpty(Skin.String(CustomHome.1.Path))</visible>
            <label>$LOCALIZE[504]</label>
            <thumb fallback="special://skin/backgrounds/default/default.jpg">$INFO[Skin.String(CustomHome.1.Background)]</thumb>
           	<onclick>RunScript(script.favourites,changetitle=true&amp;property=CustomHome.1)</onclick>
          </item>
		  <item id="1" description="Pictures">
            <visible>!Skin.HasSetting(Pictures.Hide)</visible>
            <label>1</label>
            <thumb fallback="special://skin/backgrounds/Pictures.jpg">$INFO[Skin.String(Pictures.Background)]</thumb>
            <onclick>Skin.ToggleSetting(Pictures.Hide)</onclick>
          </item>
		  <item id="1" description="Pictures">
            <visible>Skin.HasSetting(Pictures.Hide)</visible>
            <label>[COLOR=Shadow]$LOCALIZE[1][/COLOR]</label>
            <thumb fallback="special://skin/backgrounds/Pictures.jpg">$INFO[Skin.String(Pictures.Background)]</thumb>
			<onclick>Skin.ToggleSetting(Pictures.Hide)</onclick>
          </item>
		  <item id="22" description="CustomHome2">
            <visible>!IsEmpty(Skin.String(CustomHome.2.Path))</visible>
            <label>$INFO[Skin.String(CustomHome.2.Label)]</label>
            <thumb fallback="special://skin/backgrounds/default/default.jpg">$INFO[Skin.String(CustomHome.2.Background)]</thumb>
            <onclick>RunScript(script.favourites,changetitle=true&amp;property=CustomHome.2)</onclick>
          </item>
		  <item id="22" description="CustomHome1">
            <visible>IsEmpty(Skin.String(CustomHome.2.Path))</visible>
            <label>$LOCALIZE[504]</label>
            <thumb fallback="special://skin/backgrounds/default/default.jpg">$INFO[Skin.String(CustomHome.2.Background)]</thumb>
           	<onclick>RunScript(script.favourites,changetitle=true&amp;property=CustomHome.2)</onclick>
          </item>
          <item id="2" description="Addons">
            <visible>!Skin.HasSetting(Addons.Hide)</visible>
            <label>24001</label>
            <thumb fallback="special://skin/backgrounds/Addons.jpg">$INFO[Skin.String(Addons.Background)]</thumb>
            <onclick>Skin.ToggleSetting(Addons.Hide)</onclick>
          </item>
		  <item id="2" description="Addons">
            <visible>Skin.HasSetting(Addons.Hide)</visible>
            <label>[COLOR=Shadow]$LOCALIZE[24001][/COLOR]</label>
            <thumb fallback="special://skin/backgrounds/Addons.jpg">$INFO[Skin.String(Addons.Background)]</thumb>
            <onclick>Skin.ToggleSetting(Addons.Hide)</onclick>
          </item>
		  <item id="23" description="CustomHome3">
            <visible>!IsEmpty(Skin.String(CustomHome.3.Path))</visible>
            <label>$INFO[Skin.String(CustomHome.3.Label)]</label>
            <thumb fallback="special://skin/backgrounds/default/default.jpg">$INFO[Skin.String(CustomHome.3.Background)]</thumb>
            <onclick>RunScript(script.favourites,changetitle=true&amp;property=CustomHome.3)</onclick>
          </item>
		  <item id="23" description="CustomHome3">
            <visible>IsEmpty(Skin.String(CustomHome.3.Path))</visible>
            <label>$LOCALIZE[504]</label>
            <thumb fallback="special://skin/backgrounds/default/default.jpg">$INFO[Skin.String(CustomHome.3.Background)]</thumb>
           	<onclick>RunScript(script.favourites,changetitle=true&amp;property=CustomHome.3)</onclick>
          </item>
          <item id="3" description="Videos">
            <visible>!Skin.HasSetting(Videos.Hide)</visible>
            <label>3</label>
            <label2>ActivateWindow(Videos,RecentlyAddedMusicVideos,return)</label2>
            <thumb fallback="special://skin/backgrounds/Videos.jpg">$INFO[Skin.String(Videos.Background)]</thumb>
            <onclick>Skin.ToggleSetting(Videos.Hide)</onclick>
          </item>
		  <item id="3" description="Videos">
            <visible>Skin.HasSetting(Videos.Hide)</visible>
            <label>[COLOR=Shadow]$LOCALIZE[3][/COLOR]</label>
            <thumb fallback="special://skin/backgrounds/Videos.jpg">$INFO[Skin.String(Videos.Background)]</thumb>
            <onclick>Skin.ToggleSetting(Videos.Hide)</onclick>
          </item>
		  <item id="24" description="CustomHome4">
            <visible>!IsEmpty(Skin.String(CustomHome.4.Path))</visible>
            <label>$INFO[Skin.String(CustomHome.4.Label)]</label>
            <thumb fallback="special://skin/backgrounds/default/default.jpg">$INFO[Skin.String(CustomHome.4.Background)]</thumb>
            <onclick>RunScript(script.favourites,changetitle=true&amp;property=CustomHome.4)</onclick>
          </item>
		  <item id="24" description="CustomHome4">
            <visible>IsEmpty(Skin.String(CustomHome.4.Path))</visible>
            <label>$LOCALIZE[504]</label>
            <thumb fallback="special://skin/backgrounds/default/default.jpg">$INFO[Skin.String(CustomHome.4.Background)]</thumb>
           	<onclick>RunScript(script.favourites,changetitle=true&amp;property=CustomHome.4)</onclick>
          </item>
          <item id="4" description="MyMovies">
            <visible>!Skin.HasSetting(Movies.Hide) + Library.HasContent(Movies)</visible>
            <label>20342</label>
            <thumb fallback="special://skin/backgrounds/Movies.jpg">$INFO[Skin.String(Movies.Background)]</thumb>
            <onclick>Skin.ToggleSetting(Movies.Hide)</onclick>
          </item>
		  <item id="4" description="MyMovies">
            <visible>Skin.HasSetting(Movies.Hide) + Library.HasContent(Movies)</visible>
            <label>[COLOR=Shadow]$LOCALIZE[20342][/COLOR]</label>
            <thumb fallback="special://skin/backgrounds/Movies.jpg">$INFO[Skin.String(Movies.Background)]</thumb>
            <onclick>Skin.ToggleSetting(Movies.Hide)</onclick>
          </item>
          <item id="5" description="MyTV">
            <visible>!Skin.HasSetting(TVShows.Hide) + Library.HasContent(TVShows)</visible>
            <label>20343</label>
            <thumb fallback="special://skin/backgrounds/TVShows.jpg">$INFO[Skin.String(TVShows.Background)]</thumb>
            <onclick>Skin.ToggleSetting(TVShows.Hide)</onclick>
          </item>
		  <item id="5" description="MyTV">
            <visible>Skin.HasSetting(TVShows.Hide) + Library.HasContent(TVShows)</visible>
            <label>[COLOR=Shadow]$LOCALIZE[20343][/COLOR]</label>
            <thumb fallback="special://skin/backgrounds/TVShows.jpg">$INFO[Skin.String(TVShows.Background)]</thumb>
            <onclick>Skin.ToggleSetting(TVShows.Hide)</onclick>
          </item>
          <item id="6" description="Music">
            <visible>!Skin.HasSetting(Music.Hide)</visible>
            <label>2</label>
            <thumb fallback="special://skin/backgrounds/Music.jpg">$INFO[Skin.String(Music.Background)]</thumb>
            <onclick>Skin.ToggleSetting(Music.Hide)</onclick>
          </item>
		  <item id="6" description="Music">
            <visible>Skin.HasSetting(Music.Hide)</visible>
            <label>[COLOR=Shadow]$LOCALIZE[2][/COLOR]</label>
            <thumb fallback="special://skin/backgrounds/Music.jpg">$INFO[Skin.String(Music.Background)]</thumb>
            <onclick>Skin.ToggleSetting(Music.Hide)</onclick>
          </item>
		  <item id="25" description="CustomHome5">
            <visible>!IsEmpty(Skin.String(CustomHome.5.Path))</visible>
            <label>$INFO[Skin.String(CustomHome.5.Label)]</label>
            <thumb fallback="special://skin/backgrounds/default/default.jpg">$INFO[Skin.String(CustomHome.5.Background)]</thumb>
            <onclick>RunScript(script.favourites,changetitle=true&amp;property=CustomHome.5)</onclick>
          </item>
		  <item id="25" description="CustomHome5">
            <visible>IsEmpty(Skin.String(CustomHome.5.Path))</visible>
            <label>$LOCALIZE[504]</label>
            <thumb fallback="special://skin/backgrounds/default/default.jpg">$INFO[Skin.String(CustomHome.5.Background)]</thumb>
           	<onclick>RunScript(script.favourites,changetitle=true&amp;property=CustomHome.5)</onclick>
          </item>
		  <item id="26" description="CustomHome6">
            <visible>!IsEmpty(Skin.String(CustomHome.6.Path))</visible>
            <label>$INFO[Skin.String(CustomHome.6.Label)]</label>
            <thumb fallback="special://skin/backgrounds/default/default.jpg">$INFO[Skin.String(CustomHome.6.Background)]</thumb>
            <onclick>RunScript(script.favourites,changetitle=true&amp;property=CustomHome.6)</onclick>
          </item>
		  <item id="26" description="CustomHome6">
            <visible>IsEmpty(Skin.String(CustomHome.6.Path))</visible>
            <label>$LOCALIZE[504]</label>
            <thumb fallback="special://skin/backgrounds/default/default.jpg">$INFO[Skin.String(CustomHome.6.Background)]</thumb>
           	<onclick>RunScript(script.favourites,changetitle=true&amp;property=CustomHome.6)</onclick>
          </item>
          <item id="7" description="Favorites">
            <visible>!Skin.HasSetting(Favourites.Hide)</visible>
            <label>1036</label>
            <thumb fallback="special://skin/backgrounds/Favourites.jpg">$INFO[Skin.String(Favorites.Background)]</thumb>
            <onclick>Skin.ToggleSetting(Favourites.Hide)</onclick>
          </item>
		  <item id="7" description="Favorites">
            <visible>Skin.HasSetting(Favourites.Hide)</visible>
            <label>[COLOR=Shadow]$LOCALIZE[1036][/COLOR]</label>
            <thumb fallback="special://skin/backgrounds/Favourites.jpg">$INFO[Skin.String(Favorites.Background)]</thumb>
            <onclick>Skin.ToggleSetting(Favourites.Hide)</onclick>
          </item>
		  <item id="27" description="CustomHome7">
            <visible>!IsEmpty(Skin.String(CustomHome.7.Path))</visible>
            <label>$INFO[Skin.String(CustomHome.7.Label)]</label>
            <thumb fallback="special://skin/backgrounds/default/default.jpg">$INFO[Skin.String(CustomHome.7.Background)]</thumb>
            <onclick>RunScript(script.favourites,changetitle=true&amp;property=CustomHome.7)</onclick>
          </item>
		  <item id="27" description="CustomHome7">
            <visible>IsEmpty(Skin.String(CustomHome.7.Path))</visible>
            <label>$LOCALIZE[504]</label>
            <thumb fallback="special://skin/backgrounds/default/default.jpg">$INFO[Skin.String(CustomHome.7.Background)]</thumb>
           	<onclick>RunScript(script.favourites,changetitle=true&amp;property=CustomHome.7)</onclick>
          </item>
		  <item id="28" description="CustomHome8">
            <visible>!IsEmpty(Skin.String(CustomHome.8.Path))</visible>
            <label>$INFO[Skin.String(CustomHome.8.Label)]</label>
            <thumb fallback="special://skin/backgrounds/default/default.jpg">$INFO[Skin.String(CustomHome.8.Background)]</thumb>
            <onclick>RunScript(script.favourites,changetitle=true&amp;property=CustomHome.8)</onclick>
          </item>
		  <item id="28" description="CustomHome8">
            <visible>IsEmpty(Skin.String(CustomHome.8.Path))</visible>
            <label>$LOCALIZE[504]</label>
            <thumb fallback="special://skin/backgrounds/default/default.jpg">$INFO[Skin.String(CustomHome.8.Background)]</thumb>
           	<onclick>RunScript(script.favourites,changetitle=true&amp;property=CustomHome.8)</onclick>
          </item>
		  <item id="29" description="CustomHome9">
            <visible>!IsEmpty(Skin.String(CustomHome.9.Path))</visible>
            <label>$INFO[Skin.String(CustomHome.9.Label)]</label>
            <thumb fallback="special://skin/backgrounds/default/default.jpg">$INFO[Skin.String(CustomHome.9.Background)]</thumb>
            <onclick>RunScript(script.favourites,changetitle=true&amp;property=CustomHome.9)</onclick>
          </item>
		  <item id="29" description="CustomHome9">
            <visible>IsEmpty(Skin.String(CustomHome.9.Path))</visible>
            <label>$LOCALIZE[504]</label>
            <thumb fallback="special://skin/backgrounds/default/default.jpg">$INFO[Skin.String(CustomHome.9.Background)]</thumb>
           	<onclick>RunScript(script.favourites,changetitle=true&amp;property=CustomHome.9)</onclick>
          </item>
		  <item id="30" description="CustomHome10">
            <visible>!IsEmpty(Skin.String(CustomHome.10.Path))</visible>
            <label>$INFO[Skin.String(CustomHome.10.Label)]</label>
            <thumb fallback="special://skin/backgrounds/default/default.jpg">$INFO[Skin.String(CustomHome.10.Background)]</thumb>
            <onclick>RunScript(script.favourites,changetitle=true&amp;property=CustomHome.10)</onclick>
          </item>
		  <item id="30" description="CustomHome10">
            <visible>IsEmpty(Skin.String(CustomHome.10.Path))</visible>
            <label>$LOCALIZE[504]</label>
            <thumb fallback="special://skin/backgrounds/default/default.jpg">$INFO[Skin.String(CustomHome.10.Background)]</thumb>
           	<onclick>RunScript(script.favourites,changetitle=true&amp;property=CustomHome.10)</onclick>
          </item>
          <item id="8" description="DVD">
            <visible>!Skin.HasSetting(DVD.Hide)</visible>
            <label>427</label>
            <thumb fallback="special://skin/backgrounds/DVD.jpg">$INFO[Skin.String(DVD.Background)]</thumb>
            <onclick>Skin.ToggleSetting(DVD.Hide)</onclick>
          </item>
		  <item id="8" description="DVD">
            <visible>Skin.HasSetting(DVD.Hide)</visible>
            <label>[COLOR=Shadow]$LOCALIZE[427][/COLOR]</label>
            <thumb fallback="special://skin/backgrounds/DVD.jpg">$INFO[Skin.String(DVD.Background)]</thumb>
            <onclick>Skin.ToggleSetting(DVD.Hide)</onclick>
          </item>
          <item id="9" description="Player">
            <visible>!Skin.HasSetting(Player.Hide)</visible>
			 <label>16003</label>
            <thumb fallback="special://skin/backgrounds/default/default.jpg">$VAR[Player.Art]</thumb>
            <onclick>Skin.ToggleSetting(Player.Hide)</onclick>
          </item>
		  <item id="9" description="Player">
            <visible>Skin.HasSetting(Player.Hide)</visible>
			 <label>[COLOR=Shadow]$LOCALIZE[16003][/COLOR]</label>
            <thumb fallback="special://skin/backgrounds/default/default.jpg">$VAR[Player.Art]</thumb>
            <onclick>Skin.ToggleSetting(Player.Hide)</onclick>
          </item>
          <item id="10" description="Settings">
            <label>5</label>
            <thumb fallback="special://skin/backgrounds/System.jpg">$INFO[Skin.String(Settings.Background)]</thumb>
			<onclick>Notification($LOCALIZE[416],$LOCALIZE[416],6,DefaultIconWarning.png)</onclick>
          </item>
          <item id="11" description="Quit">
            <visible>!Skin.HasSetting(Quit.Hide)</visible>
            <label fallback="13009">$VAR[QuitLabel2]</label>
            <thumb fallback="special://skin/backgrounds/Quit.jpg">$INFO[Skin.String(Quit.Background)]</thumb>
            <onclick>Skin.ToggleSetting(Quit.Hide)</onclick>
          </item>
		  <item id="11" description="Quit">
            <visible>Skin.HasSetting(Quit.Hide)</visible>
            <label>[COLOR=Shadow]$VAR[QuitLabel2][/COLOR]</label>
            <thumb fallback="special://skin/backgrounds/Quit.jpg">$INFO[Skin.String(Quit.Background)]</thumb>
            <onclick>Skin.ToggleSetting(Quit.Hide)</onclick>
          </item>
        </content>
      </control>
      <!--<control type="fixedlist" id="9001" description="Submenu Bar">
        <animation effect="slide" start="0,0" end="-128,0" time="0" condition="StringCompare(Container(9001).NumItems,2) | StringCompare(Container(9001).NumItems,4) | StringCompare(Container(9001).NumItems,6)">conditional</animation>
        <animation effect="fade" time="200" start="100" end="50" reversible="true" condition="!Control.HasFocus(9001)">Conditional</animation>
        <include>VisibleFadeEffect</include>
		<posx>64</posx>
        <posy>783</posy>
        <height>50</height>
        <width>1792</width>
        <onleft>9001</onleft>
        <onright>9001</onright>
        <viewtype>list</viewtype>
        <orientation>horizontal</orientation>
        <focusposition>3</focusposition>
        <movement>3</movement>
        <scrolltime tween="quadratic" easing="out">300</scrolltime>
        <onup>9000</onup>
        <onback>SetFocus(9000)</onback>
        <itemlayout width="256" height="50">
          <control type="label">
            <posx>129</posx>
            <posy>1</posy>
            <height>50</height>
            <width>240</width>
            <align>center</align>
            <aligny>center</aligny>
            <font>Sublist</font>
            <label>[UPPERCASE]$INFO[ListItem.Label][/UPPERCASE]</label>
            <textcolor>ShadowDark</textcolor>
            <shadowcolor>-</shadowcolor>
          </control>
          <control type="label">
            <posx>128</posx>
            <posy>0</posy>
            <height>50</height>
            <width>240</width>
            <align>center</align>
            <aligny>center</aligny>
            <font>Sublist</font>
            <label>[UPPERCASE]$INFO[ListItem.Label][/UPPERCASE]</label>
            <textcolor>Grey2</textcolor>
            <shadowcolor>-</shadowcolor>
          </control>
        </itemlayout>
        <focusedlayout width="256" height="50">
          <control type="label">
            <posx>129</posx>
            <posy>1</posy>
            <height>50</height>
            <width>240</width>
            <align>center</align>
            <aligny>center</aligny>
            <font>Sublist</font>
            <label>[UPPERCASE]$INFO[ListItem.Label][/UPPERCASE]</label>
            <textcolor>ShadowDark</textcolor>
            <shadowcolor>-</shadowcolor>
          </control>
          <control type="label">
            <visible>!Control.HasFocus(9001)</visible>
            <posx>128</posx>
            <posy>0</posy>
            <height>50</height>
            <width>240</width>
            <align>center</align>
            <aligny>center</aligny>
            <font>Sublist</font>
            <label>[UPPERCASE]$INFO[ListItem.Label][/UPPERCASE]</label>
            <textcolor>Grey2</textcolor>
            <shadowcolor>-</shadowcolor>
          </control>
          <control type="label">
            <visible>Control.HasFocus(9001)</visible>
            <posx>128</posx>
            <posy>0</posy>
            <height>50</height>
            <width>240</width>
            <align>center</align>
            <aligny>center</aligny>
            <font>Sublist</font>
            <label>[UPPERCASE]$INFO[ListItem.Label][/UPPERCASE]</label>
            <textcolor>White2</textcolor>
            <shadowcolor>-</shadowcolor>
          </control>
        </focusedlayout>
        <content>
          <item id="1" description="Weather">
            <visible>Container(9000).HasFocus(2) + !Skin.HasSetting(Addons1)</visible>
            <label>8</label>
            <onclick>ActivateWindow(Weather)</onclick>
          </item>
		  <item id="2" description="Program apps">
            <visible>Container(9000).HasFocus(2) + !Skin.HasSetting(Addons2)</visible>
            <label>0</label>
            <onclick>XBMC.ActivateWindow(Programs,Addons,return)</onclick>
          </item>
          <item id="3" description="Video apps">
            <visible>Container(9000).HasFocus(2) + !Skin.HasSetting(Addons4)</visible>
            <label>157</label>
            <onclick>ActivateWindow(VideoLibrary,Addons,return)</onclick>
          </item>
          <item id="4" description="Music apps">
            <visible>Container(9000).HasFocus(2) + !Skin.HasSetting(Addons5)</visible>
            <label>2</label>
            <onclick condition="Library.HasContent(Music)">ActivateWindow(MusicLibrary,Addons,return)</onclick>
            <onclick condition="!Library.HasContent(Music)">ActivateWindow(MusicFiles,Addons,return)</onclick>
          </item>
          <item id="5" description="Picture apps">
            <visible>Container(9000).HasFocus(2) + !Skin.HasSetting(Addons3)</visible>
            <label>1</label>
            <onclick>XBMC.ActivateWindow(Pictures,Addons,return)</onclick>
          </item>
          <item id="0" description="MyTV">
            <visible>Container(9000).HasFocus(5)</visible>
            <label>136</label>
            <onclick>ActivateWindow(Videos,playlists,return)</onclick>
          </item>
          <item id="1" description="RA TV">
            <visible>Container(9000).HasFocus(5)</visible>
            <label>31020</label>
            <onclick>ActivateWindow(VideoLibrary,RecentlyAddedEpisodes,return)</onclick>
          </item>
          <item id="8" description="Library">
            <visible>Container(9000).HasFocus(5)</visible>
            <label>1024</label>
            <onclick>ActivateWindow(Videolibrary,root)</onclick>
          </item>
          <item id="9" description="Search">
            <visible>Container(9000).HasFocus(5)</visible>
            <label>137</label>
            <onclick>ActivateWindow(VideoLibrary)</onclick>
            <onclick>SendClick(8)</onclick>
          </item>
          <item id="0" description="MyMovies">
            <visible>Container(9000).HasFocus(4) + !Skin.HasSetting(Movies1)</visible>
            <label>136</label>
            <onclick>ActivateWindow(Videos,playlists,return)</onclick>
          </item>
          <item id="1" description="RA Movies">
            <visible>Container(9000).HasFocus(4) + !Skin.HasSetting(Movies2)</visible>
            <label>31020</label>
            <onclick>ActivateWindow(VideoLibrary,RecentlyAddedMovies,return)</onclick>
          </item>
          <item id="8" description="Browse">
            <visible>Container(9000).HasFocus(4) + !Skin.HasSetting(Movies4)</visible>
            <label>1024</label>
            <onclick>ActivateWindow(Videolibrary,root)</onclick>
          </item>
          <item id="9" description="Search">
            <visible>Container(9000).HasFocus(4) + !Skin.HasSetting(Movies5)</visible>
            <label>137</label>
            <onclick>ActivateWindow(VideoLibrary)</onclick>
            <onclick>SendClick(8)</onclick>
          </item>
          <item id="0" description="Videos">
            <visible>Container(9000).HasFocus(3)</visible>
            <label>136</label>
            <onclick>ActivateWindow(Videos,playlists,return)</onclick>
          </item>
          <item id="1" description="Music Videos">
            <visible>Container(9000).HasFocus(3) + Library.HasContent(MusicVideos)</visible>
            <label>20389</label>
            <onclick>ActivateWindow(Videos,MusicVideoTitles,return)</onclick>
          </item>
          <item id="8" description="Files Videos">
            <visible>Container(9000).HasFocus(3) + !Skin.HasSetting(Movies4)</visible>
            <label>744</label>
            <onclick>ActivateWindow(Videos,files,return)</onclick>
          </item>
          <item id="9" description="Search">
            <visible>Container(9000).HasFocus(3) + !Skin.HasSetting(Movies5)</visible>
            <label>137</label>
            <onclick>ActivateWindow(VideoLibrary)</onclick>
            <onclick>SendClick(8)</onclick>
          </item>
          <item id="2" description="Library">
            <visible>Container(9000).HasFocus(6) + !Skin.HasSetting(Music3) + Library.HasContent(Music)</visible>
            <label>134</label>
            <onclick>ActivateWindow(MusicLibrary,Songs)</onclick>
          </item>
          <item id="1" description="Music Videos">
            <visible>Container(9000).HasFocus(6) + !Skin.HasSetting(Music2) + Library.HasContent(Music)</visible>
            <label>132</label>
            <onclick>ActivateWindow(MusicLibrary,Albums)</onclick>
          </item>
          <item id="0" description="Artists">
            <visible>Container(9000).HasFocus(6) + !Skin.HasSetting(Music1) + Library.HasContent(Music)</visible>
            <label>133</label>
            <onclick>ActivateWindow(MusicLibrary,Artists)</onclick>
          </item>
          <item id="3" description="Files">
            <visible>Container(9000).HasFocus(6) + !Skin.HasSetting(Music4)</visible>
            <label>744</label>
            <onclick>ActivateWindow(MusicFiles,root)</onclick>
          </item>
          <item id="4" description="Search">
            <visible>Container(9000).HasFocus(6) + !Skin.HasSetting(Music5) + Library.HasContent(Music)</visible>
            <label>137</label>
            <onclick>ActivateWindow(MusicLibrary,root)</onclick>
            <onclick>SendClick(8)</onclick>
          </item>
          <item id="5" description="Master mode button">
            <visible>Container(9000).HasFocus(8)</visible>
            <visible>System.HasLocks + System.IsMaster</visible>
            <label>12332</label>
            <onclick>xbmc.mastermode</onclick>
          </item>
          <item id="6" description="Master mode button">
            <visible>Container(9000).HasFocus(8)</visible>
            <visible>System.HasLocks + !System.IsMaster</visible>
            <label>12333</label>
            <onclick>xbmc.mastermode</onclick>
          </item>
        </content>
      </control>-->
    </control>
  
  </controls>
  <!--<controls>
    <include>MiniBackground</include>
    <control type="label" description="Heading">
      <posx>495</posx>
      <posy>30</posy>
      <width>930</width>
      <height>75</height>
      <align>center</align>
      <aligny>bottom</aligny>
      <font>size28</font>
      <label>513</label>
    </control>
    <control type="image" description="Line top">
      <posx>0</posx>
      <posy>130</posy>
      <width>1920</width>
      <height>1</height>
      <texture>img/Line1.png</texture>
    </control>
    <control type="image" description="Line bottom">
      <posx>0</posx>
      <posy>236</posy>
      <width>1920</width>
      <height>1</height>
      <texture>img/Line1.png</texture>
    </control>
    <control type="group">
      <control type="fixedlist" id="50">
        <posx>60</posx>
        <posy>126</posy>
        <width>1800</width>
        <height>120</height>
        <onleft>-</onleft>
        <onright>-</onright>
        <onup>53</onup>
        <ondown>52</ondown>
        <focusposition>1</focusposition>
        <orientation>horizontal</orientation>
        <pagecontrol>60</pagecontrol>
        <scrolltime tween="sine" easing="inout">280</scrolltime>
        <itemlayout width="600" height="120">
          <control type="label" description="Main Label">
            <posx>300</posx>
            <posy>0</posy>
            <height>120</height>
            <width>600</width>
            <align>center</align>
            <font>size24</font>
            <scroll>false</scroll>
            <textcolor>Grey</textcolor>
            <label>$INFO[ListItem.Label]</label>
          </control>
        </itemlayout>
        <focusedlayout width="600" height="120">
          <control type="image" description="Selector">
            <animation type="Conditional" condition="!Control.HasFocus(50)">
              <effect type="fade" start="100" end="50" time="0" reversible="true" />
            </animation>
            <posx>0</posx>
            <posy>1</posy>
            <height>112</height>
            <width>600</width>
            <aspectratio>keep</aspectratio>
            <texture>img/HomeBarFO.png</texture>
          </control>
          <control type="label" description="Main Label">
            <posx>300</posx>
            <posy>0</posy>
            <height>75</height>
            <width>600</width>
            <align>center</align>
            <font>size24</font>
            <scroll>false</scroll>
            <textcolor>White</textcolor>
            <label>$INFO[ListItem.Label]</label>
          </control>
          <control type="label" description="enabled">
            <visible>[!Skin.HasSetting(MoviesSectionHide) + Container(50).HasFocus(1001)] | [!Skin.HasSetting(TVSectionHide) + Container(50).HasFocus(1002)] | [!Skin.HasSetting(MusicSectionHide) + Container(50).HasFocus(1003)] | [!Skin.HasSetting(PicturesSectionHide) + Container(50).HasFocus(1004)] | [!Skin.HasSetting(AddonsSectionHide) + Container(50).HasFocus(1005)] | [Container(50).HasFocus(1006)]</visible>
            <posx>300</posx>
            <posy>60</posy>
            <height>60</height>
            <width>600</width>
            <align>center</align>
            <font>size18</font>
            <textcolor>White</textcolor>
            <label>305</label>
          </control>
          <control type="label" description="disabled">
            <visible>[Skin.HasSetting(MoviesSectionHide) + Container(50).HasFocus(1001)] | [Skin.HasSetting(TVSectionHide) + Container(50).HasFocus(1002)] | [Skin.HasSetting(MusicSectionHide) + Container(50).HasFocus(1003)] | [Skin.HasSetting(PicturesSectionHide) + Container(50).HasFocus(1004)] | [Skin.HasSetting(AddonsSectionHide) + Container(50).HasFocus(1005)]</visible>
            <posx>300</posx>
            <posy>60</posy>
            <height>60</height>
            <width>600</width>
            <align>center</align>
            <font>size18</font>
            <textcolor>White</textcolor>
            <label>1223</label>
          </control>
          <control type="image" description="Icon">
            <visible>[!Skin.HasSetting(MoviesSectionHide) + Container(50).HasFocus(1001)] | [!Skin.HasSetting(TVSectionHide) + Container(50).HasFocus(1002)] | [!Skin.HasSetting(MusicSectionHide) + Container(50).HasFocus(1003)] | [!Skin.HasSetting(PicturesSectionHide) + Container(50).HasFocus(1004)] | [!Skin.HasSetting(AddonsSectionHide) + Container(50).HasFocus(1005)]</visible>
            <posx>75r</posx>
            <posy>0</posy>
            <height>120</height>
            <width>30</width>
            <aspectratio>keep</aspectratio>
            <texture>img/RadioON.png</texture>
          </control>
        </focusedlayout>
        <content>
          <item id="1001" description="Movies">
            <label fallback="20342">$INFO[Skin.String(MoviesName)]</label>
            <onclick>Skin.ToggleSetting(MoviesSectionHide)</onclick>
            
          </item>
          <item id="1002" description="TV">
            <label fallback="20343">$INFO[Skin.String(TVName)]</label>
            <onclick>Skin.ToggleSetting(TVSectionHide)</onclick>
            
          </item>
          <item id="1003" description="Music">
            <label fallback="2">$INFO[Skin.String(MusicName)]</label>
            <onclick>Skin.ToggleSetting(MusicSectionHide)</onclick>
            
          </item>
          <item id="1004" description="Pictures">
            <label fallback="1">$INFO[Skin.String(PicturesName)]</label>
            <onclick>Skin.ToggleSetting(PicturesSectionHide)</onclick>
            
          </item>
          <item id="1005" description="Addons">
            <label fallback="24001">$INFO[Skin.String(AddonsName)]</label>
            <onclick>Skin.ToggleSetting(AddonsSectionHide)</onclick>
            
          </item>
          <item id="1006" description="XBMC">
            <label fallback="XBMC">$INFO[Skin.String(XBMCName)]</label>
            <onclick>-</onclick>
          </item>
        </content>
      </control>
    </control>
    <control type="grouplist" id="52">
      <posx>600</posx>
      <posy>264</posy>
      <width>720</width>
      <height>750</height>
      <onup>50</onup>
      <ondown>-</ondown>
      <itemgap>0</itemgap>
      <pagecontrol>60</pagecontrol>
      <scrolltime tween="sine" easing="inout">280</scrolltime>
      <control type="button" id="98" description="RENAME">
        <visible>!Skin.HasSetting(MoviesSectionHide) + Container(50).HasFocus(1001)</visible>
        <texturenofocus>-</texturenofocus>
        <texturefocus border="8">buttons/ButtonFO.png</texturefocus>
        <align>center</align>
        <include>SettingsSubmenuButtons</include>
        <label>- $LOCALIZE[118] $LOCALIZE[21866] -</label>
        <onclick>Skin.SetString(MoviesName)</onclick>
      </control>
      <control type="label" id="99" description="spacer">
        <visible>!Skin.HasSetting(MoviesSectionHide) + Container(50).HasFocus(1001)</visible>
        <align>center</align>
        <include>SettingsSubmenuButtons</include>
        <label>-</label>
      </control>
      <control type="radiobutton" id="100">
        <visible>Library.HasContent(Movies)</visible>
        <visible>!Skin.HasSetting(MoviesSectionHide) + Container(50).HasFocus(1001)</visible>
        <include>SettingsSubmenuButtons</include>
        <label>$LOCALIZE[342]</label>
        <onclick>Skin.ToggleSetting(Movies1)</onclick>
        <selected>!Skin.HasSetting(Movies1)</selected>
      </control>
      <control type="radiobutton" id="101">
        <visible>Library.HasContent(Movies)</visible>
        <visible>!Skin.HasSetting(MoviesSectionHide) + Container(50).HasFocus(1001)</visible>
        <include>SettingsSubmenuButtons</include>
        <label>$LOCALIZE[31020]</label>
        <onclick>Skin.ToggleSetting(Movies2)</onclick>
        <selected>!Skin.HasSetting(Movies2)</selected>
      </control>
      <control type="radiobutton" id="102">
        <visible>Library.HasContent(Movies)</visible>
        <visible>!Skin.HasSetting(MoviesSectionHide) + Container(50).HasFocus(1001)</visible>
        <include>SettingsSubmenuButtons</include>
        <label>$LOCALIZE[135]</label>
        <onclick>Skin.ToggleSetting(Movies3)</onclick>
        <selected>!Skin.HasSetting(Movies3)</selected>
      </control>
      <control type="button" id="103">
        <visible>!Skin.HasSetting(MoviesSectionHide) + Container(50).HasFocus(1001)</visible>
        <include>SettingsSubmenuButtons</include>
        <label>- $LOCALIZE[1036] 1</label>
        <label2>$INFO[Skin.String(CustomMovies.1.Label)]</label2>
        <onclick>RunScript(script.favourites,changetitle=true&amp;property=CustomMovies.1)</onclick>
      </control>
      <control type="button" id="104">
        <visible>!Skin.HasSetting(MoviesSectionHide) + Container(50).HasFocus(1001)</visible>
        <include>SettingsSubmenuButtons</include>
        <label>- $LOCALIZE[1036] 2</label>
        <label2>$INFO[Skin.String(CustomMovies.2.Label)]</label2>
        <onclick>RunScript(script.favourites,changetitle=true&amp;property=CustomMovies.2)</onclick>
      </control>
      <control type="button" id="105">
        <visible>!Skin.HasSetting(MoviesSectionHide) + Container(50).HasFocus(1001)</visible>
        <include>SettingsSubmenuButtons</include>
        <label>- $LOCALIZE[1036] 3</label>
        <label2>$INFO[Skin.String(CustomMovies.3.Label)]</label2>
        <onclick>RunScript(script.favourites,changetitle=true&amp;property=CustomMovies.3)</onclick>
      </control>
      <control type="button" id="106">
        <visible>!Skin.HasSetting(MoviesSectionHide) + Container(50).HasFocus(1001)</visible>
        <include>SettingsSubmenuButtons</include>
        <label>- $LOCALIZE[1036] 4</label>
        <label2>$INFO[Skin.String(CustomMovies.4.Label)]</label2>
        <onclick>RunScript(script.favourites,changetitle=true&amp;property=CustomMovies.4)</onclick>
      </control>
      <control type="button" id="107">
        <visible>!Skin.HasSetting(MoviesSectionHide) + Container(50).HasFocus(1001)</visible>
        <include>SettingsSubmenuButtons</include>
        <label>- $LOCALIZE[1036] 5</label>
        <label2>$INFO[Skin.String(CustomMovies.5.Label)]</label2>
        <onclick>RunScript(script.favourites,changetitle=true&amp;property=CustomMovies.5)</onclick>
      </control>
      <control type="button" id="108">
        <visible>!Skin.HasSetting(MoviesSectionHide) + Container(50).HasFocus(1001)</visible>
        <include>SettingsSubmenuButtons</include>
        <label>- $LOCALIZE[1036] 6</label>
        <label2>$INFO[Skin.String(CustomMovies.6.Label)]</label2>
        <onclick>RunScript(script.favourites,changetitle=true&amp;property=CustomMovies.6)</onclick>
      </control>
      <control type="button" id="109">
        <visible>!Skin.HasSetting(MoviesSectionHide) + Container(50).HasFocus(1001)</visible>
        <include>SettingsSubmenuButtons</include>
        <label>- $LOCALIZE[1036] 7</label>
        <label2>$INFO[Skin.String(CustomMovies.7.Label)]</label2>
        <onclick>RunScript(script.favourites,changetitle=true&amp;property=CustomMovies.7)</onclick>
      </control>
      <control type="radiobutton" id="110" description="Files">
        <visible>!Skin.HasSetting(MoviesSectionHide) + Container(50).HasFocus(1001)</visible>
        <include>SettingsSubmenuButtons</include>
        <label>$LOCALIZE[1024]</label>
        <onclick>Skin.ToggleSetting(Movies4)</onclick>
        <selected>!Skin.HasSetting(Movies4)</selected>
      </control>
      <control type="radiobutton" id="111">
        <visible>Library.HasContent(Movies)</visible>
        <visible>!Skin.HasSetting(MoviesSectionHide) + Container(50).HasFocus(1001)</visible>
        <include>SettingsSubmenuButtons</include>
        <label>$LOCALIZE[137]</label>
        <onclick>Skin.ToggleSetting(Movies5)</onclick>
        <selected>!Skin.HasSetting(Movies5)</selected>
      </control>
      <control type="button" id="199" description="RENAME">
        <visible>!Skin.HasSetting(TVSectionHide) + Container(50).HasFocus(1002)</visible>
        <texturenofocus>-</texturenofocus>
        <texturefocus border="8">buttons/ButtonFO.png</texturefocus>
        <align>center</align>
        <include>SettingsSubmenuButtons</include>
        <label>- $LOCALIZE[118] $LOCALIZE[21866] -</label>
        <onclick>Skin.SetString(TVName)</onclick>
      </control>
      <control type="label" id="200" description="spacer">
        <visible>!Skin.HasSetting(TVSectionHide) + Container(50).HasFocus(1002)</visible>
        <align>center</align>
        <include>SettingsSubmenuButtons</include>
        <label>-</label>
      </control>
      <control type="radiobutton" id="201">
        <visible>Library.HasContent(TVShows)</visible>
        <visible>!Skin.HasSetting(TVSectionHide) + Container(50).HasFocus(1002)</visible>
        <include>SettingsSubmenuButtons</include>
        <label>$LOCALIZE[20343]</label>
        <onclick>Skin.ToggleSetting(TV1)</onclick>
        <selected>!Skin.HasSetting(TV1)</selected>
      </control>
      <control type="radiobutton" id="202">
        <visible>Library.HasContent(TVShows)</visible>
        <visible>!Skin.HasSetting(TVSectionHide) + Container(50).HasFocus(1002)</visible>
        <include>SettingsSubmenuButtons</include>
        <label>$LOCALIZE[31020]</label>
        <onclick>Skin.ToggleSetting(TV2)</onclick>
        <selected>!Skin.HasSetting(TV2)</selected>
      </control>
      <control type="radiobutton" id="203">
        <visible>Library.HasContent(TVShows)</visible>
        <visible>!Skin.HasSetting(TVSectionHide) + Container(50).HasFocus(1002)</visible>
        <include>SettingsSubmenuButtons</include>
        <label>$LOCALIZE[31981]</label>
        <onclick>Skin.ToggleSetting(TV5)</onclick>
        <selected>!Skin.HasSetting(TV5)</selected>
      </control>
      <control type="button" id="204">
        <visible>!Skin.HasSetting(TVSectionHide) + Container(50).HasFocus(1002)</visible>
        <include>SettingsSubmenuButtons</include>
        <label>- $LOCALIZE[1036] 1</label>
        <label2>$INFO[Skin.String(CustomTV.1.Label)]</label2>
        <onclick>RunScript(script.favourites,changetitle=true&amp;property=CustomTV.1)</onclick>
      </control>
      <control type="button" id="205">
        <visible>!Skin.HasSetting(TVSectionHide) + Container(50).HasFocus(1002)</visible>
        <include>SettingsSubmenuButtons</include>
        <label>- $LOCALIZE[1036] 2</label>
        <label2>$INFO[Skin.String(CustomTV.2.Label)]</label2>
        <onclick>RunScript(script.favourites,changetitle=true&amp;property=CustomTV.2)</onclick>
      </control>
      <control type="button" id="206">
        <visible>!Skin.HasSetting(TVSectionHide) + Container(50).HasFocus(1002)</visible>
        <include>SettingsSubmenuButtons</include>
        <label>- $LOCALIZE[1036] 3</label>
        <label2>$INFO[Skin.String(CustomTV.3.Label)]</label2>
        <onclick>RunScript(script.favourites,changetitle=true&amp;property=CustomTV.3)</onclick>
      </control>
      <control type="button" id="207">
        <visible>!Skin.HasSetting(TVSectionHide) + Container(50).HasFocus(1002)</visible>
        <include>SettingsSubmenuButtons</include>
        <label>- $LOCALIZE[1036] 4</label>
        <label2>$INFO[Skin.String(CustomTV.4.Label)]</label2>
        <onclick>RunScript(script.favourites,changetitle=true&amp;property=CustomTV.4)</onclick>
      </control>
      <control type="button" id="208">
        <visible>!Skin.HasSetting(TVSectionHide) + Container(50).HasFocus(1002)</visible>
        <include>SettingsSubmenuButtons</include>
        <label>- $LOCALIZE[1036] 5</label>
        <label2>$INFO[Skin.String(CustomTV.5.Label)]</label2>
        <onclick>RunScript(script.favourites,changetitle=true&amp;property=CustomTV.5)</onclick>
      </control>
      <control type="button" id="209">
        <visible>!Skin.HasSetting(TVSectionHide) + Container(50).HasFocus(1002)</visible>
        <include>SettingsSubmenuButtons</include>
        <label>- $LOCALIZE[1036] 6</label>
        <label2>$INFO[Skin.String(CustomTV.6.Label)]</label2>
        <onclick>RunScript(script.favourites,changetitle=true&amp;property=CustomTV.6)</onclick>
      </control>
      <control type="button" id="210">
        <visible>!Skin.HasSetting(TVSectionHide) + Container(50).HasFocus(1002)</visible>
        <include>SettingsSubmenuButtons</include>
        <label>- $LOCALIZE[1036] 7</label>
        <label2>$INFO[Skin.String(CustomTV.7.Label)]</label2>
        <onclick>RunScript(script.favourites,changetitle=true&amp;property=CustomTV.7)</onclick>
      </control>
      <control type="radiobutton" id="211" description="Files browse">
        <visible>!Skin.HasSetting(TVSectionHide) + Container(50).HasFocus(1002)</visible>
        <include>SettingsSubmenuButtons</include>
        <label>$LOCALIZE[1024]</label>
        <onclick>Skin.ToggleSetting(TV3)</onclick>
        <selected>!Skin.HasSetting(TV3)</selected>
      </control>
      <control type="radiobutton" id="212" description="Search">
        <visible>Library.HasContent(TVShows)</visible>
        <visible>!Skin.HasSetting(TVSectionHide) + Container(50).HasFocus(1002)</visible>
        <include>SettingsSubmenuButtons</include>
        <label>$LOCALIZE[137]</label>
        <onclick>Skin.ToggleSetting(TV4)</onclick>
        <selected>!Skin.HasSetting(TV4)</selected>
      </control>
      <control type="button" id="299" description="RENAME">
        <visible>!Skin.HasSetting(MusicSectionHide) + Container(50).HasFocus(1003)</visible>
        <texturenofocus>-</texturenofocus>
        <texturefocus border="8">buttons/ButtonFO.png</texturefocus>
        <align>center</align>
        <include>SettingsSubmenuButtons</include>
        <label>- $LOCALIZE[118] $LOCALIZE[21866] -</label>
        <onclick>Skin.SetString(MusicName)</onclick>
      </control>
      <control type="label" id="300" description="spacer">
        <visible>!Skin.HasSetting(MusicSectionHide) + Container(50).HasFocus(1003)</visible>
        <align>center</align>
        <include>SettingsSubmenuButtons</include>
        <label>-</label>
      </control>
      <control type="radiobutton" id="301" description="Artists">
        <visible>Library.HasContent(Music)</visible>
        <visible>!Skin.HasSetting(MusicSectionHide) + Container(50).HasFocus(1003)</visible>
        <include>SettingsSubmenuButtons</include>
        <label>$LOCALIZE[133]</label>
        <onclick>Skin.ToggleSetting(Music1)</onclick>
        <selected>!Skin.HasSetting(Music1)</selected>
      </control>
      <control type="radiobutton" id="302" description="Music Videos">
        <visible>Library.HasContent(MusicVideos)</visible>
        <visible>!Skin.HasSetting(MusicSectionHide) + Container(50).HasFocus(1003)</visible>
        <include>SettingsSubmenuButtons</include>
        <label>$LOCALIZE[20389]</label>
        <onclick>Skin.ToggleSetting(Music2)</onclick>
        <selected>!Skin.HasSetting(Music2)</selected>
      </control>
      <control type="radiobutton" id="303" description="Library">
        <visible>Library.HasContent(Music)</visible>
        <visible>!Skin.HasSetting(MusicSectionHide) + Container(50).HasFocus(1003)</visible>
        <include>SettingsSubmenuButtons</include>
        <label>$LOCALIZE[14022]</label>
        <onclick>Skin.ToggleSetting(Music3)</onclick>
        <selected>!Skin.HasSetting(Music3)</selected>
      </control>
      <control type="radiobutton" id="304" description="Files">
        <visible>!Skin.HasSetting(MusicSectionHide) + Container(50).HasFocus(1003)</visible>
        <include>SettingsSubmenuButtons</include>
        <label>$LOCALIZE[744]</label>
        <onclick>Skin.ToggleSetting(Music4)</onclick>
        <selected>!Skin.HasSetting(Music4)</selected>
      </control>
      <control type="button" id="305">
        <visible>!Skin.HasSetting(MusicSectionHide) + Container(50).HasFocus(1003)</visible>
        <include>SettingsSubmenuButtons</include>
        <label>- $LOCALIZE[1036] 1</label>
        <label2>$INFO[Skin.String(CustomMusic.1.Label)]</label2>
        <onclick>RunScript(script.favourites,changetitle=true&amp;property=CustomMusic.1)</onclick>
      </control>
      <control type="button" id="306">
        <visible>!Skin.HasSetting(MusicSectionHide) + Container(50).HasFocus(1003)</visible>
        <include>SettingsSubmenuButtons</include>
        <label>- $LOCALIZE[1036] 2</label>
        <label2>$INFO[Skin.String(CustomMusic.2.Label)]</label2>
        <onclick>RunScript(script.favourites,changetitle=true&amp;property=CustomMusic.2)</onclick>
      </control>
      <control type="button" id="307">
        <visible>!Skin.HasSetting(MusicSectionHide) + Container(50).HasFocus(1003)</visible>
        <include>SettingsSubmenuButtons</include>
        <label>- $LOCALIZE[1036] 3</label>
        <label2>$INFO[Skin.String(CustomMusic.3.Label)]</label2>
        <onclick>RunScript(script.favourites,changetitle=true&amp;property=CustomMusic.3)</onclick>
      </control>
      <control type="button" id="308">
        <visible>!Skin.HasSetting(MusicSectionHide) + Container(50).HasFocus(1003)</visible>
        <include>SettingsSubmenuButtons</include>
        <label>- $LOCALIZE[1036] 4</label>
        <label2>$INFO[Skin.String(CustomMusic.4.Label)]</label2>
        <onclick>RunScript(script.favourites,changetitle=true&amp;property=CustomMusic.4)</onclick>
      </control>
      <control type="button" id="309">
        <visible>!Skin.HasSetting(MusicSectionHide) + Container(50).HasFocus(1003)</visible>
        <include>SettingsSubmenuButtons</include>
        <label>- $LOCALIZE[1036] 5</label>
        <label2>$INFO[Skin.String(CustomMusic.5.Label)]</label2>
        <onclick>RunScript(script.favourites,changetitle=true&amp;property=CustomMusic.5)</onclick>
      </control>
      <control type="button" id="310">
        <visible>!Skin.HasSetting(MusicSectionHide) + Container(50).HasFocus(1003)</visible>
        <include>SettingsSubmenuButtons</include>
        <label>- $LOCALIZE[1036] 6</label>
        <label2>$INFO[Skin.String(CustomMusic.6.Label)]</label2>
        <onclick>RunScript(script.favourites,changetitle=true&amp;property=CustomMusic.6)</onclick>
      </control>
      <control type="radiobutton" id="313">
        <visible>Library.HasContent(Music) | Library.HasContent(MusicVideos)</visible>
        <visible>!Skin.HasSetting(MusicSectionHide) + Container(50).HasFocus(1003)</visible>
        <include>SettingsSubmenuButtons</include>
        <label>$LOCALIZE[137]</label>
        <onclick>Skin.ToggleSetting(Music5)</onclick>
        <selected>!Skin.HasSetting(Music5)</selected>
      </control>
      <control type="button" id="400" description="RENAME">
        <visible>!Skin.HasSetting(PicturesSectionHide) + Container(50).HasFocus(1004)</visible>
        <texturenofocus>-</texturenofocus>
        <texturefocus border="8">buttons/ButtonFO.png</texturefocus>
        <align>center</align>
        <include>SettingsSubmenuButtons</include>
        <label>- $LOCALIZE[118] $LOCALIZE[21866] -</label>
        <onclick>Skin.SetString(PicturesName)</onclick>
      </control>
      <control type="label" id="401" description="spacer">
        <visible>!Skin.HasSetting(PicturesSectionHide) + Container(50).HasFocus(1004)</visible>
        <align>center</align>
        <include>SettingsSubmenuButtons</include>
        <label>-</label>
      </control>
      <control type="radiobutton" id="402">
        <visible>!Skin.HasSetting(PicturesSectionHide) + Container(50).HasFocus(1004)</visible>
        <include>SettingsSubmenuButtons</include>
        <label>$LOCALIZE[1]</label>
        <onclick>Skin.ToggleSetting(Pictures1)</onclick>
        <selected>!Skin.HasSetting(Pictures1)</selected>
      </control>
      <control type="button" id="403">
        <visible>!Skin.HasSetting(PicturesSectionHide) + Container(50).HasFocus(1004)</visible>
        <include>SettingsSubmenuButtons</include>
        <label>- $LOCALIZE[1036] 1</label>
        <label2>$INFO[Skin.String(CustomPictures.1.Label)]</label2>
        <onclick>RunScript(script.favourites,changetitle=true&amp;property=CustomPictures.1)</onclick>
      </control>
      <control type="button" id="404">
        <visible>!Skin.HasSetting(PicturesSectionHide) + Container(50).HasFocus(1004)</visible>
        <include>SettingsSubmenuButtons</include>
        <label>- $LOCALIZE[1036] 2</label>
        <label2>$INFO[Skin.String(CustomPictures.2.Label)]</label2>
        <onclick>RunScript(script.favourites,changetitle=true&amp;property=CustomPictures.2)</onclick>
      </control>
      <control type="button" id="405">
        <visible>!Skin.HasSetting(PicturesSectionHide) + Container(50).HasFocus(1004)</visible>
        <include>SettingsSubmenuButtons</include>
        <label>- $LOCALIZE[1036] 3</label>
        <label2>$INFO[Skin.String(CustomPictures.3.Label)]</label2>
        <onclick>RunScript(script.favourites,changetitle=true&amp;property=CustomPictures.3)</onclick>
      </control>
      <control type="button" id="406">
        <visible>!Skin.HasSetting(PicturesSectionHide) + Container(50).HasFocus(1004)</visible>
        <include>SettingsSubmenuButtons</include>
        <label>- $LOCALIZE[1036] 4</label>
        <label2>$INFO[Skin.String(CustomPictures.4.Label)]</label2>
        <onclick>RunScript(script.favourites,changetitle=true&amp;property=CustomPictures.4)</onclick>
      </control>
      <control type="button" id="407">
        <visible>!Skin.HasSetting(PicturesSectionHide) + Container(50).HasFocus(1004)</visible>
        <include>SettingsSubmenuButtons</include>
        <label>- $LOCALIZE[1036] 5</label>
        <label2>$INFO[Skin.String(CustomPictures.5.Label)]</label2>
        <onclick>RunScript(script.favourites,changetitle=true&amp;property=CustomPictures.5)</onclick>
      </control>
      <control type="button" id="408">
        <visible>!Skin.HasSetting(PicturesSectionHide) + Container(50).HasFocus(1004)</visible>
        <include>SettingsSubmenuButtons</include>
        <label>- $LOCALIZE[1036] 6</label>
        <label2>$INFO[Skin.String(CustomPictures.6.Label)]</label2>
        <onclick>RunScript(script.favourites,changetitle=true&amp;property=CustomPictures.6)</onclick>
      </control>
      <control type="button" id="409">
        <visible>!Skin.HasSetting(PicturesSectionHide) + Container(50).HasFocus(1004)</visible>
        <include>SettingsSubmenuButtons</include>
        <label>- $LOCALIZE[1036] 7</label>
        <label2>$INFO[Skin.String(CustomPictures.7.Label)]</label2>
        <onclick>RunScript(script.favourites,changetitle=true&amp;property=CustomPictures.7)</onclick>
      </control>
      <control type="button" id="499" description="RENAME">
        <visible>!Skin.HasSetting(AddonsSectionHide) + Container(50).HasFocus(1005)</visible>
        <texturenofocus>-</texturenofocus>
        <texturefocus border="8">buttons/ButtonFO.png</texturefocus>
        <align>center</align>
        <include>SettingsSubmenuButtons</include>
        <label>- $LOCALIZE[118] $LOCALIZE[21866] -</label>
        <onclick>Skin.SetString(AddonsName)</onclick>
      </control>
      <control type="label" id="500" description="spacer">
        <visible>!Skin.HasSetting(AddonsSectionHide) + Container(50).HasFocus(1005)</visible>
        <align>center</align>
        <include>SettingsSubmenuButtons</include>
        <label>-</label>
      </control>
      <control type="radiobutton" id="501">
        <visible>!Skin.HasSetting(AddonsSectionHide) + Container(50).HasFocus(1005)</visible>
        <include>SettingsSubmenuButtons</include>
        <label>$LOCALIZE[8]</label>
        <onclick>Skin.ToggleSetting(Addons1)</onclick>
        <selected>!Skin.HasSetting(Addons1)</selected>
      </control>
      <control type="radiobutton" id="502">
        <visible>!Skin.HasSetting(AddonsSectionHide) + Container(50).HasFocus(1005)</visible>
        <include>SettingsSubmenuButtons</include>
        <label>$LOCALIZE[0]</label>
        <onclick>Skin.ToggleSetting(Addons2)</onclick>
        <selected>!Skin.HasSetting(Addons2)</selected>
      </control>
      <control type="radiobutton" id="503">
        <visible>!Skin.HasSetting(AddonsSectionHide) + Container(50).HasFocus(1005)</visible>
        <include>SettingsSubmenuButtons</include>
        <label>$LOCALIZE[1]</label>
        <onclick>Skin.ToggleSetting(Addons3)</onclick>
        <selected>!Skin.HasSetting(Addons3)</selected>
      </control>
      <control type="radiobutton" id="504">
        <visible>!Skin.HasSetting(AddonsSectionHide) + Container(50).HasFocus(1005)</visible>
        <include>SettingsSubmenuButtons</include>
        <label>$LOCALIZE[157]</label>
        <onclick>Skin.ToggleSetting(Addons4)</onclick>
        <selected>!Skin.HasSetting(Addons4)</selected>
      </control>
      <control type="radiobutton" id="505">
        <visible>!Skin.HasSetting(AddonsSectionHide) + Container(50).HasFocus(1005)</visible>
        <include>SettingsSubmenuButtons</include>
        <label>$LOCALIZE[2]</label>
        <onclick>Skin.ToggleSetting(Addons5)</onclick>
        <selected>!Skin.HasSetting(Addons5)</selected>
      </control>
      <control type="radiobutton" id="506">
        <visible>!Skin.HasSetting(AddonsSectionHide) + Container(50).HasFocus(1005)</visible>
        <include>SettingsSubmenuButtons</include>
        <label>$LOCALIZE[5]</label>
        <onclick>Skin.ToggleSetting(Addons6)</onclick>
        <selected>!Skin.HasSetting(Addons6)</selected>
      </control>
      <control type="button" id="507">
        <visible>!Skin.HasSetting(AddonsSectionHide) + Container(50).HasFocus(1005)</visible>
        <include>SettingsSubmenuButtons</include>
        <label>- $LOCALIZE[1036] 1</label>
        <label2>$INFO[Skin.String(CustomAddons.1.Label)]</label2>
        <onclick>RunScript(script.favourites,changetitle=true&amp;property=CustomAddons.1)</onclick>
      </control>
      <control type="button" id="508">
        <visible>!Skin.HasSetting(AddonsSectionHide) + Container(50).HasFocus(1005)</visible>
        <include>SettingsSubmenuButtons</include>
        <label>- $LOCALIZE[1036] 2</label>
        <label2>$INFO[Skin.String(CustomAddons.2.Label)]</label2>
        <onclick>RunScript(script.favourites,changetitle=true&amp;property=CustomAddons.2)</onclick>
      </control>
      <control type="button" id="509">
        <visible>!Skin.HasSetting(AddonsSectionHide) + Container(50).HasFocus(1005)</visible>
        <include>SettingsSubmenuButtons</include>
        <label>- $LOCALIZE[1036] 3</label>
        <label2>$INFO[Skin.String(CustomAddons.3.Label)]</label2>
        <onclick>RunScript(script.favourites,changetitle=true&amp;property=CustomAddons.3)</onclick>
      </control>
      <control type="button" id="510">
        <visible>!Skin.HasSetting(AddonsSectionHide) + Container(50).HasFocus(1005)</visible>
        <include>SettingsSubmenuButtons</include>
        <label>- $LOCALIZE[1036] 4</label>
        <label2>$INFO[Skin.String(CustomAddons.4.Label)]</label2>
        <onclick>RunScript(script.favourites,changetitle=true&amp;property=CustomAddons.4)</onclick>
      </control>
      <control type="button" id="511">
        <visible>!Skin.HasSetting(AddonsSectionHide) + Container(50).HasFocus(1005)</visible>
        <include>SettingsSubmenuButtons</include>
        <label>- $LOCALIZE[1036] 5</label>
        <label2>$INFO[Skin.String(CustomAddons.5.Label)]</label2>
        <onclick>RunScript(script.favourites,changetitle=true&amp;property=CustomAddons.5)</onclick>
      </control>
      <control type="button" id="512">
        <visible>!Skin.HasSetting(AddonsSectionHide) + Container(50).HasFocus(1005)</visible>
        <include>SettingsSubmenuButtons</include>
        <label>- $LOCALIZE[1036] 6</label>
        <label2>$INFO[Skin.String(CustomAddons.6.Label)]</label2>
        <onclick>RunScript(script.favourites,changetitle=true&amp;property=CustomAddons.6)</onclick>
      </control>
      <control type="button" id="600" description="RENAME">
        <visible>Container(50).HasFocus(1006)</visible>
        <texturenofocus>-</texturenofocus>
        <texturefocus border="8">buttons/ButtonFO.png</texturefocus>
        <align>center</align>
        <include>SettingsSubmenuButtons</include>
        <label>- $LOCALIZE[118] $LOCALIZE[21866] -</label>
        <onclick>Skin.SetString(XBMCName)</onclick>
      </control>
      <control type="label" id="601" description="spacer">
        <visible>Container(50).HasFocus(1006)</visible>
        <align>center</align>
        <include>SettingsSubmenuButtons</include>
        <label>-</label>
      </control>
      <control type="radiobutton" id="602">
        <visible>Container(50).HasFocus(1006)</visible>
        <include>SettingsSubmenuButtons</include>
        <label>$LOCALIZE[1036]</label>
        <onclick>Skin.ToggleSetting(XBMC2)</onclick>
        <selected>!Skin.HasSetting(XBMC2)</selected>
      </control>
      <control type="radiobutton" id="603">
        <visible>Container(50).HasFocus(1006)</visible>
        <visible>![System.Platform.ios | System.Platform.atv2]</visible>
        <include>SettingsSubmenuButtons</include>
        <label>$LOCALIZE[446]</label>
        <onclick>Skin.ToggleSetting(XBMC3)</onclick>
        <selected>!Skin.HasSetting(XBMC3)</selected>
      </control>
      <control type="radiobutton" id="604">
        <visible>Container(50).HasFocus(1006)</visible>
        <include>SettingsSubmenuButtons</include>
        <label>$LOCALIZE[13009]</label>
        <onclick>Skin.ToggleSetting(XBMC4)</onclick>
        <selected>!Skin.HasSetting(XBMC4)</selected>
      </control>
    </control>
  </controls>-->
</window>
