﻿<?xml version="1.0" encoding="UTF-8"?>
<includes>
  <!--<include name="RAVisibleFadeEffect">
    <animation effect="slide" start="1900,0" end="0,0" time="400" delay="100" reversible="true">Visible</animation>
    <animation effect="slide" start="0,0" end="1900,0" time="400" delay="0">Hidden</animation>
  </include>-->
  
  <!--RA-->
  <!--<include name="Media_RA">
    <control type="group">
      <visible>Control.IsVisible(11000)</visible>
      <include>RAVisibleFadeEffect</include>
      <posy>30</posy>
      <control type="image" description="RA BG Upper">
        <animation effect="slide" start="0,0" end="0,-250" time="0" condition="Control.IsVisible(11001)">Conditional</animation>
        <animation effect="slide" start="0,0" end="0,-40" time="0" condition="!Control.IsVisible(11001)">Conditional</animation>
		<visible>Control.IsVisible(11000)</visible>
        <posx>530</posx>
        <posy>327</posy>
        <width>1500</width>
        <height>447</height>
        <texture border="0,0,0,0">dialogs/RecentPanel.png</texture>
      </control>
      <control type="label" description="Upper Label">
        <animation effect="slide" start="0,0" end="0,-207" time="0" condition="Control.IsVisible(11001)">Conditional</animation>
        <animation effect="slide" start="0,0" end="0,2" time="0" condition="!Control.IsVisible(11001)">Conditional</animation>
		<visible>Control.HasFocus(11000)</visible>
        <include>ShelfBottomLabel</include>
        <label>[COLOR=White2]$INFO[Container(11000).ListItem.TVShowTitle]$INFO[Container(11000).ListItem.Season,  S,.]$INFO[Container(11000).ListItem.Episode,E, - ][/COLOR]$INFO[Container(11000).ListItem.Label][COLOR=White2]$INFO[Container(11000).ListItem.Artist, - ][/COLOR]</label>
      </control>
	  <control type="label" description="Upper right Header">
        <animation effect="slide" start="0,0" end="0,-207" time="0" condition="Control.IsVisible(11001)">Conditional</animation>
        <animation effect="slide" start="0,0" end="0,2" time="0" condition="!Control.IsVisible(11001)">Conditional</animation>
		<visible>Control.IsVisible(11000)</visible>
        <posx>1890</posx>
		<align>right</align>
		<include>ShelfBottomLabel</include>
        <label>Recently Added</label>
      </control>
	  <control type="label" description="Bottom Label">
        <animation effect="slide" start="0,0" end="0,597" time="0" condition="Control.IsVisible(11001)">Conditional</animation>
        <animation effect="slide" start="0,0" end="0,40" time="0" condition="!Control.IsVisible(11001)">Conditional</animation>
		<visible>Control.HasFocus(11001)</visible>
        <include>ShelfBottomLabel</include>
        <label>[COLOR=White2]$INFO[Container(11000).ListItem.TVShowTitle]$INFO[Container(11000).ListItem.Season,  S,.]$INFO[Container(11000).ListItem.Episode,E, - ][/COLOR]$INFO[Container(11000).ListItem.Label][COLOR=White2]$INFO[Container(11000).ListItem.Artist, - ][/COLOR]</label>
      </control>
	  <control type="label" description="Bottom right Header">
        <animation effect="slide" start="0,0" end="0,597" time="0" condition="Control.IsVisible(11001)">Conditional</animation>
        <animation effect="slide" start="0,0" end="0,40" time="0" condition="!Control.IsVisible(11001)">Conditional</animation>
		<visible>Control.IsVisible(11001)</visible>
        <posx>1890</posx>
		<align>right</align>
		<include>ShelfBottomLabel</include>
        <label>OnDeck</label>
      </control>
	  <control type="panel" id="11000" description="TOP Shortcuts">
        <animation effect="slide" start="0,0" end="0,-195" time="0" condition="Control.IsVisible(11001)">Conditional</animation>
        <onup>300</onup>
        <ondown>11001</ondown>
        <onback>300</onback>
        <onleft>300</onleft>
        <onright>11000</onright>
        <include>RA_Commons</include>
		<content>
          <item id="1" description="Movies">
            <visible>!Skin.HasSetting(plexbmc)</visible>
			<visible>!IsEmpty(Window(Home).Property(LatestMovie.1.Path))</visible>
            <label>$INFO[Window(Home).Property(LatestMovie.1.Title)]</label>
            <thumb>$INFO[Window(Home).Property(LatestMovie.1.Thumb)]</thumb>
            <property name="ItemType">$LOCALIZE[20386]</property>
            <onclick>PlayMedia($ESCINFO[Window(Home).Property(LatestMovie.1.Path)])</onclick>
          </item>
          <item id="2" description="Shortcut2">
            <visible>!Skin.HasSetting(plexbmc)</visible>
			<visible>!IsEmpty(Window(Home).Property(LatestMovie.2.Path))</visible>
            <label>$INFO[Window(Home).Property(LatestMovie.2.Title)]</label>
            <thumb>$INFO[Window(Home).Property(LatestMovie.2.Thumb)]</thumb>
            <property name="ItemType">$LOCALIZE[20386]</property>
            <onclick>PlayMedia($ESCINFO[Window(Home).Property(LatestMovie.2.Path)])</onclick>
          </item>
          <item id="3" description="Shortcut3">
            <visible>!Skin.HasSetting(plexbmc)</visible>
			<visible>!IsEmpty(Window(Home).Property(LatestMovie.3.Path))</visible>
            <label>$INFO[Window(Home).Property(LatestMovie.3.Title)]</label>
            <thumb>$INFO[Window(Home).Property(LatestMovie.3.Thumb)]</thumb>
            <property name="ItemType">$LOCALIZE[20386]</property>
            <onclick>PlayMedia($ESCINFO[Window(Home).Property(LatestMovie.3.Path)])</onclick>
          </item>
          <item id="4" description="Shortcut4">
            <visible>!Skin.HasSetting(plexbmc)</visible>
			<visible>!IsEmpty(Window(Home).Property(LatestMovie.4.Path))</visible>
            <label>$INFO[Window(Home).Property(LatestMovie.4.Title)]</label>
            <thumb>$INFO[Window(Home).Property(LatestMovie.4.Thumb)]</thumb>
            <property name="ItemType">$LOCALIZE[20386]</property>
            <onclick>PlayMedia($ESCINFO[Window(Home).Property(LatestMovie.4.Path)])</onclick>
          </item>
          <item id="5" description="Shortcut5">
            <visible>!Skin.HasSetting(plexbmc)</visible>
			<visible>!IsEmpty(Window(Home).Property(LatestMovie.5.Path))</visible>
            <label>$INFO[Window(Home).Property(LatestMovie.5.Title)]</label>
            <thumb>$INFO[Window(Home).Property(LatestMovie.5.Thumb)]</thumb>
            <property name="ItemType">$LOCALIZE[20386]</property>
            <onclick>PlayMedia($ESCINFO[Window(Home).Property(LatestMovie.5.Path)])</onclick>
          </item>
          <item id="6" description="Movies">
            <visible>!Skin.HasSetting(plexbmc)</visible>
			<visible>!IsEmpty(Window(Home).Property(LatestMovie.6.Path))</visible>
            <label>$INFO[Window(Home).Property(LatestMovie.6.Title)]</label>
            <thumb>$INFO[Window(Home).Property(LatestMovie.6.Thumb)]</thumb>
            <property name="ItemType">$LOCALIZE[20386]</property>
            <onclick>PlayMedia($ESCINFO[Window(Home).Property(LatestMovie.6.Path)])</onclick>
          </item>
          <item id="7" description="Shortcut7">
            <visible>!Skin.HasSetting(plexbmc)</visible>
			<visible>!IsEmpty(Window(Home).Property(LatestMovie.7.Path))</visible>
            <label>$INFO[Window(Home).Property(LatestMovie.7.Title)]</label>
            <thumb>$INFO[Window(Home).Property(LatestMovie.7.Thumb)]</thumb>
            <property name="ItemType">$LOCALIZE[20386]</property>
            <onclick>PlayMedia($ESCINFO[Window(Home).Property(LatestMovie.7.Path)])</onclick>
          </item>
          <item id="8" description="Shortcut8">
            <visible>!Skin.HasSetting(plexbmc)</visible>
			<visible>!IsEmpty(Window(Home).Property(LatestMovie.8.Path))</visible>
            <label>$INFO[Window(Home).Property(LatestMovie.8.Title)]</label>
            <thumb>$INFO[Window(Home).Property(LatestMovie.8.Thumb)]</thumb>
            <property name="ItemType">$LOCALIZE[20386]</property>
            <onclick>PlayMedia($ESCINFO[Window(Home).Property(LatestMovie.8.Path)])</onclick>
          </item>
          <item id="9" description="Shortcut9">
            <visible>!Skin.HasSetting(plexbmc)</visible>
			<visible>!IsEmpty(Window(Home).Property(LatestMovie.9.Path))</visible>
            <label>$INFO[Window(Home).Property(LatestMovie.9.Title)]</label>
            <thumb>$INFO[Window(Home).Property(LatestMovie.9.Thumb)]</thumb>
            <property name="ItemType">$LOCALIZE[20386]</property>
            <onclick>PlayMedia($ESCINFO[Window(Home).Property(LatestMovie.9.Path)])</onclick>
          </item>
          <item id="10" description="Shortcut10">
            <visible>!Skin.HasSetting(plexbmc)</visible>
			<visible>!IsEmpty(Window(Home).Property(LatestMovie.10.Path))</visible>
            <label>$INFO[Window(Home).Property(LatestMovie.10.Title)]</label>
            <thumb>$INFO[Window(Home).Property(LatestMovie.10.Thumb)]</thumb>
            <property name="ItemType">$LOCALIZE[20386]</property>
            <onclick>PlayMedia($ESCINFO[Window(Home).Property(LatestMovie.10.Path)])</onclick>
          </item>
          <item id="1" description="Movies">
            <visible>Skin.HasSetting(plexbmc)</visible>
			<visible>!IsEmpty(Window(Home).Property(Plexbmc.LatestMovie.1.Path))</visible>
            <label>$INFO[Window(Home).Property(Plexbmc.LatestMovie.1.Title)]</label>
            <thumb>$INFO[Window(Home).Property(Plexbmc.LatestMovie.1.Thumb)]</thumb>
            <property name="ItemType">$LOCALIZE[20386]</property>
            <onclick>PlayMedia($ESCINFO[Window(Home).Property(Plexbmc.LatestMovie.1.Path)])</onclick>
          </item>
          <item id="2" description="Shortcut2">
            <visible>Skin.HasSetting(plexbmc)</visible>
			<visible>!IsEmpty(Window(Home).Property(Plexbmc.LatestMovie.2.Path))</visible>
            <label>$INFO[Window(Home).Property(Plexbmc.LatestMovie.2.Title)]</label>
            <thumb>$INFO[Window(Home).Property(Plexbmc.LatestMovie.2.Thumb)]</thumb>
            <property name="ItemType">$LOCALIZE[20386]</property>
            <onclick>PlayMedia($ESCINFO[Window(Home).Property(Plexbmc.LatestMovie.2.Path)])</onclick>
          </item>
          <item id="3" description="Shortcut3">
            <visible>Skin.HasSetting(plexbmc)</visible>
			<visible>!IsEmpty(Window(Home).Property(Plexbmc.LatestMovie.3.Path))</visible>
            <label>$INFO[Window(Home).Property(Plexbmc.LatestMovie.3.Title)]</label>
            <thumb>$INFO[Window(Home).Property(Plexbmc.LatestMovie.3.Thumb)]</thumb>
            <property name="ItemType">$LOCALIZE[20386]</property>
            <onclick>PlayMedia($ESCINFO[Window(Home).Property(Plexbmc.LatestMovie.3.Path)])</onclick>
          </item>
          <item id="4" description="Shortcut4">
            <visible>Skin.HasSetting(plexbmc)</visible>
			<visible>!IsEmpty(Window(Home).Property(Plexbmc.LatestMovie.4.Path))</visible>
            <label>$INFO[Window(Home).Property(Plexbmc.LatestMovie.4.Title)]</label>
            <thumb>$INFO[Window(Home).Property(Plexbmc.LatestMovie.4.Thumb)]</thumb>
            <property name="ItemType">$LOCALIZE[20386]</property>
            <onclick>PlayMedia($ESCINFO[Window(Home).Property(Plexbmc.LatestMovie.4.Path)])</onclick>
          </item>
          <item id="5" description="Shortcut5">
            <visible>Skin.HasSetting(plexbmc)</visible>
			<visible>!IsEmpty(Window(Home).Property(Plexbmc.LatestMovie.5.Path))</visible>
            <label>$INFO[Window(Home).Property(Plexbmc.LatestMovie.5.Title)]</label>
            <thumb>$INFO[Window(Home).Property(Plexbmc.LatestMovie.5.Thumb)]</thumb>
            <property name="ItemType">$LOCALIZE[20386]</property>
            <onclick>PlayMedia($ESCINFO[Window(Home).Property(Plexbmc.LatestMovie.5.Path)])</onclick>
          </item>
          <item id="6" description="Movies">
            <visible>Skin.HasSetting(plexbmc)</visible>
			<visible>!IsEmpty(Window(Home).Property(Plexbmc.LatestMovie.6.Path))</visible>
            <label>$INFO[Window(Home).Property(Plexbmc.LatestMovie.6.Title)]</label>
            <thumb>$INFO[Window(Home).Property(Plexbmc.LatestMovie.6.Thumb)]</thumb>
            <property name="ItemType">$LOCALIZE[20386]</property>
            <onclick>PlayMedia($ESCINFO[Window(Home).Property(Plexbmc.LatestMovie.6.Path)])</onclick>
          </item>
          <item id="7" description="Shortcut7">
            <visible>Skin.HasSetting(plexbmc)</visible>
			<visible>!IsEmpty(Window(Home).Property(Plexbmc.LatestMovie.7.Path))</visible>
            <label>$INFO[Window(Home).Property(Plexbmc.LatestMovie.7.Title)]</label>
            <thumb>$INFO[Window(Home).Property(Plexbmc.LatestMovie.7.Thumb)]</thumb>
            <property name="ItemType">$LOCALIZE[20386]</property>
            <onclick>PlayMedia($ESCINFO[Window(Home).Property(Plexbmc.LatestMovie.7.Path)])</onclick>
          </item>
          <item id="8" description="Shortcut8">
            <visible>Skin.HasSetting(plexbmc)</visible>
			<visible>!IsEmpty(Window(Home).Property(Plexbmc.LatestMovie.8.Path))</visible>
            <label>$INFO[Window(Home).Property(Plexbmc.LatestMovie.8.Title)]</label>
            <thumb>$INFO[Window(Home).Property(Plexbmc.LatestMovie.8.Thumb)]</thumb>
            <property name="ItemType">$LOCALIZE[20386]</property>
            <onclick>PlayMedia($ESCINFO[Window(Home).Property(Plexbmc.LatestMovie.8.Path)])</onclick>
          </item>
          <item id="9" description="Shortcut9">
            <visible>Skin.HasSetting(plexbmc)</visible>
			<visible>!IsEmpty(Window(Home).Property(Plexbmc.LatestMovie.9.Path))</visible>
            <label>$INFO[Window(Home).Property(Plexbmc.LatestMovie.9.Title)]</label>
            <thumb>$INFO[Window(Home).Property(Plexbmc.LatestMovie.9.Thumb)]</thumb>
            <property name="ItemType">$LOCALIZE[20386]</property>
            <onclick>PlayMedia($ESCINFO[Window(Home).Property(Plexbmc.LatestMovie.9.Path)])</onclick>
          </item>
          <item id="10" description="Shortcut10">
            <visible>Skin.HasSetting(plexbmc)</visible>
			<visible>!IsEmpty(Window(Home).Property(Plexbmc.LatestMovie.10.Path))</visible>
            <label>$INFO[Window(Home).Property(Plexbmc.LatestMovie.10.Title)]</label>
            <thumb>$INFO[Window(Home).Property(Plexbmc.LatestMovie.10.Thumb)]</thumb>
            <property name="ItemType">$LOCALIZE[20386]</property>
            <onclick>PlayMedia($ESCINFO[Window(Home).Property(Plexbmc.LatestMovie.10.Path)])</onclick>
          </item>
		  <item id="11" description="Shortcut11">
            <visible>Skin.HasSetting(plexbmc)</visible>
			<visible>!IsEmpty(Window(Home).Property(Plexbmc.LatestMovie.11.Path))</visible>
            <label>$INFO[Window(Home).Property(Plexbmc.LatestMovie.11.Title)]</label>
            <thumb>$INFO[Window(Home).Property(Plexbmc.LatestMovie.11.Thumb)]</thumb>
            <property name="ItemType">$LOCALIZE[20386]</property>
            <onclick>PlayMedia($ESCINFO[Window(Home).Property(Plexbmc.LatestMovie.11.Path)])</onclick>
          </item>
		  <item id="12" description="Shortcut12">
            <visible>Skin.HasSetting(plexbmc)</visible>
			<visible>!IsEmpty(Window(Home).Property(Plexbmc.LatestMovie.12.Path))</visible>
            <label>$INFO[Window(Home).Property(Plexbmc.LatestMovie.12.Title)]</label>
            <thumb>$INFO[Window(Home).Property(Plexbmc.LatestMovie.12.Thumb)]</thumb>
            <property name="ItemType">$LOCALIZE[20386]</property>
            <onclick>PlayMedia($ESCINFO[Window(Home).Property(Plexbmc.LatestMovie.12.Path)])</onclick>
          </item>
		  <item id="13" description="Shortcut13">
            <visible>Skin.HasSetting(plexbmc)</visible>
			<visible>!IsEmpty(Window(Home).Property(Plexbmc.LatestMovie.13.Path))</visible>
            <label>$INFO[Window(Home).Property(Plexbmc.LatestMovie.13.Title)]</label>
            <thumb>$INFO[Window(Home).Property(Plexbmc.LatestMovie.13.Thumb)]</thumb>
            <property name="ItemType">$LOCALIZE[20386]</property>
            <onclick>PlayMedia($ESCINFO[Window(Home).Property(Plexbmc.LatestMovie.13.Path)])</onclick>
          </item>
		  <item id="14" description="Shortcut14">
            <visible>Skin.HasSetting(plexbmc)</visible>
			<visible>!IsEmpty(Window(Home).Property(Plexbmc.LatestMovie.14.Path))</visible>
            <label>$INFO[Window(Home).Property(Plexbmc.LatestMovie.14.Title)]</label>
            <thumb>$INFO[Window(Home).Property(Plexbmc.LatestMovie.14.Thumb)]</thumb>
            <property name="ItemType">$LOCALIZE[20386]</property>
            <onclick>PlayMedia($ESCINFO[Window(Home).Property(Plexbmc.LatestMovie.14.Path)])</onclick>
          </item>
		  <item id="15" description="Shortcut15">
            <visible>Skin.HasSetting(plexbmc)</visible>
			<visible>!IsEmpty(Window(Home).Property(Plexbmc.LatestMovie.15.Path))</visible>
            <label>$INFO[Window(Home).Property(Plexbmc.LatestMovie.15.Title)]</label>
            <thumb>$INFO[Window(Home).Property(Plexbmc.LatestMovie.15.Thumb)]</thumb>
            <property name="ItemType">$LOCALIZE[20386]</property>
            <onclick>PlayMedia($ESCINFO[Window(Home).Property(Plexbmc.LatestMovie.15.Path)])</onclick>
          </item>
		  <item id="16" description="Shortcut16">
            <visible>Skin.HasSetting(plexbmc)</visible>
			<visible>!IsEmpty(Window(Home).Property(Plexbmc.LatestMovie.16.Path))</visible>
            <label>$INFO[Window(Home).Property(Plexbmc.LatestMovie.16.Title)]</label>
            <thumb>$INFO[Window(Home).Property(Plexbmc.LatestMovie.16.Thumb)]</thumb>
            <property name="ItemType">$LOCALIZE[20386]</property>
            <onclick>PlayMedia($ESCINFO[Window(Home).Property(Plexbmc.LatestMovie.16.Path)])</onclick>
          </item>
		  <item id="17" description="Shortcut17">
            <visible>Skin.HasSetting(plexbmc)</visible>
			<visible>!IsEmpty(Window(Home).Property(Plexbmc.LatestMovie.17.Path))</visible>
            <label>$INFO[Window(Home).Property(Plexbmc.LatestMovie.17.Title)]</label>
            <thumb>$INFO[Window(Home).Property(Plexbmc.LatestMovie.17.Thumb)]</thumb>
            <property name="ItemType">$LOCALIZE[20386]</property>
            <onclick>PlayMedia($ESCINFO[Window(Home).Property(Plexbmc.LatestMovie.17.Path)])</onclick>
          </item>
		  <item id="18" description="Shortcut18">
            <visible>Skin.HasSetting(plexbmc)</visible>
			<visible>!IsEmpty(Window(Home).Property(Plexbmc.LatestMovie.18.Path))</visible>
            <label>$INFO[Window(Home).Property(Plexbmc.LatestMovie.18.Title)]</label>
            <thumb>$INFO[Window(Home).Property(Plexbmc.LatestMovie.18.Thumb)]</thumb>
            <property name="ItemType">$LOCALIZE[20386]</property>
            <onclick>PlayMedia($ESCINFO[Window(Home).Property(Plexbmc.LatestMovie.18.Path)])</onclick>
          </item>
		  <item id="19" description="Shortcut19">
            <visible>Skin.HasSetting(plexbmc)</visible>
			<visible>!IsEmpty(Window(Home).Property(Plexbmc.LatestMovie.19.Path))</visible>
            <label>$INFO[Window(Home).Property(Plexbmc.LatestMovie.19.Title)]</label>
            <thumb>$INFO[Window(Home).Property(Plexbmc.LatestMovie.19.Thumb)]</thumb>
            <property name="ItemType">$LOCALIZE[20386]</property>
            <onclick>PlayMedia($ESCINFO[Window(Home).Property(Plexbmc.LatestMovie.19.Path)])</onclick>
          </item>
		  <item id="20" description="Shortcut20">
            <visible>Skin.HasSetting(plexbmc)</visible>
			<visible>!IsEmpty(Window(Home).Property(Plexbmc.LatestMovie.20.Path))</visible>
            <label>$INFO[Window(Home).Property(Plexbmc.LatestMovie.20.Title)]</label>
            <thumb>$INFO[Window(Home).Property(Plexbmc.LatestMovie.20.Thumb)]</thumb>
            <property name="ItemType">$LOCALIZE[20386]</property>
            <onclick>PlayMedia($ESCINFO[Window(Home).Property(Plexbmc.LatestMovie.20.Path)])</onclick>
          </item>
        </content>
      </control>
    </control>
  </include>-->
  
</includes>
