﻿<?xml version="1.0" encoding="UTF-8"?>
<window id="1112">
<backgroundcolor>0xff181818</backgroundcolor>
<defaultcontrol always="true">300</defaultcontrol>
  <include>OpenClose</include>
  <controls>
    <include>Time</include>
    <control type="grouplist" id="300">
	  <animation effect="slide" easing="out" start="0,-20" end="0,0" time="150" delay="300" tween="bounce">WindowOpen</animation>
	  <posx>60</posx>
	  <posy>48</posy>
	  <width>1920</width>
      <height>1032</height>
      <onup>300</onup>
      <ondown>300</ondown>
	  <control type="label" id="210" description="Top Label">
        <visible>Control.IsVisible(211)</visible>
        <include>VisibleFadeEffect</include>
        <include>ShelfTopLabel</include>
        <label>$INFO[Container(211).ListItem.Property(ItemType)]</label>
      </control>
      <control type="panel" id="211" description="TOP Shortcuts">
        <visible>Skin.HasSetting(Shelf.Addons) + IntegerGreaterThan(Container(211).NumItems,0)</visible> 
		<onleft>211</onleft>
        <onright>211</onright>
		<onup>300</onup>
	    <ondown>300</ondown>
        <include>RA_Commons_Music</include>
        <content>
          <item id="1" description="Addons">
            <visible>!IsEmpty(Skin.String(ShelfAddons.1.Label))</visible>
            <label>$INFO[system.addontitle(Skin.String(ShelfAddons.1.Label))]</label>
            <thumb>$INFO[system.addonicon(Skin.String(ShelfAddons.1.Label))]</thumb>
            <onclick>RunAddon($INFO[Skin.String(ShelfAddons.1.Label)])</onclick>
            <property name="ItemType">$LOCALIZE[24001]</property>
          </item>
          <item id="2" description="Addons">
            <visible>!IsEmpty(Skin.String(ShelfAddons.2.Label))</visible>
            <label>$INFO[system.addontitle(Skin.String(ShelfAddons.2.Label))]</label>
            <thumb>$INFO[system.addonicon(Skin.String(ShelfAddons.2.Label))]</thumb>
            <onclick>RunAddon($INFO[Skin.String(ShelfAddons.2.Label)])</onclick>
            <property name="ItemType">$LOCALIZE[24001]</property>
          </item>
          <item id="3" description="Addons">
            <visible>!IsEmpty(Skin.String(ShelfAddons.3.Label))</visible>
            <label>$INFO[system.addontitle(Skin.String(ShelfAddons.3.Label))]</label>
            <thumb>$INFO[system.addonicon(Skin.String(ShelfAddons.3.Label))]</thumb>
            <onclick>RunAddon($INFO[Skin.String(ShelfAddons.3.Label)])</onclick>
            <property name="ItemType">$LOCALIZE[24001]</property>
          </item>
          <item id="4" description="Addons">
            <visible>!IsEmpty(Skin.String(ShelfAddons.4.Label))</visible>
            <label>$INFO[system.addontitle(Skin.String(ShelfAddons.4.Label))]</label>
            <thumb>$INFO[system.addonicon(Skin.String(ShelfAddons.4.Label))]</thumb>
            <onclick>RunAddon($INFO[Skin.String(ShelfAddons.4.Label)])</onclick>
            <property name="ItemType">$LOCALIZE[24001]</property>
          </item>
          <item id="5" description="Addons">
            <visible>!IsEmpty(Skin.String(ShelfAddons.5.Label))</visible>
            <label>$INFO[system.addontitle(Skin.String(ShelfAddons.5.Label))]</label>
            <thumb>$INFO[system.addonicon(Skin.String(ShelfAddons.5.Label))]</thumb>
            <onclick>RunAddon($INFO[Skin.String(ShelfAddons.5.Label)])</onclick>
            <property name="ItemType">$LOCALIZE[24001]</property>
          </item>
          <item id="6" description="Addons">
            <visible>!IsEmpty(Skin.String(ShelfAddons.6.Label))</visible>
            <label>$INFO[system.addontitle(Skin.String(ShelfAddons.6.Label))]</label>
            <thumb>$INFO[system.addonicon(Skin.String(ShelfAddons.6.Label))]</thumb>
            <onclick>RunAddon($INFO[Skin.String(ShelfAddons.6.Label)])</onclick>
            <property name="ItemType">$LOCALIZE[24001]</property>
          </item>
          <item id="7" description="Addons">
            <visible>!IsEmpty(Skin.String(ShelfAddons.7.Label))</visible>
            <label>$INFO[system.addontitle(Skin.String(ShelfAddons.7.Label))]</label>
            <thumb>$INFO[system.addonicon(Skin.String(ShelfAddons.7.Label))]</thumb>
            <onclick>RunAddon($INFO[Skin.String(ShelfAddons.7.Label)])</onclick>
            <property name="ItemType">$LOCALIZE[24001]</property>
          </item>
          <item id="8" description="Addons">
            <visible>!IsEmpty(Skin.String(ShelfAddons.8.Label))</visible>
            <label>$INFO[system.addontitle(Skin.String(ShelfAddons.8.Label))]</label>
            <thumb>$INFO[system.addonicon(Skin.String(ShelfAddons.8.Label))]</thumb>
            <onclick>RunAddon($INFO[Skin.String(ShelfAddons.8.Label)])</onclick>
            <property name="ItemType">$LOCALIZE[24001]</property>
          </item>
          <item id="9" description="Addons">
            <visible>!IsEmpty(Skin.String(ShelfAddons.9.Label))</visible>
            <label>$INFO[system.addontitle(Skin.String(ShelfAddons.9.Label))]</label>
            <thumb>$INFO[system.addonicon(Skin.String(ShelfAddons.9.Label))]</thumb>
            <onclick>RunAddon($INFO[Skin.String(ShelfAddons.9.Label)])</onclick>
            <property name="ItemType">$LOCALIZE[24001]</property>
          </item>
          <item id="10" description="Addons">
            <visible>!IsEmpty(Skin.String(ShelfAddons.10.Label))</visible>
            <label>$INFO[system.addontitle(Skin.String(ShelfAddons.10.Label))]</label>
            <thumb>$INFO[system.addonicon(Skin.String(ShelfAddons.10.Label))]</thumb>
            <onclick>RunAddon($INFO[Skin.String(ShelfAddons.10.Label)])</onclick>
            <property name="ItemType">$LOCALIZE[24001]</property>
          </item>
		  <item id="1" description="Music">
            <visible>Skin.HasSetting(plexbmc)</visible>
            <visible>!IsEmpty(Window.Property(Plexbmc.LatestChannel.1.Path))</visible>
            <label>$INFO[Window.Property(Plexbmc.LatestChannel.1.Title)]</label>
            <onclick>$INFO[Window(Home).Property(Plexbmc.LatestChannel.1.Path)]</onclick>
            <thumb>$INFO[Window.Property(Plexbmc.LatestChannel.1.Thumb)]</thumb>
            <property name="ItemType">Channels</property>
          </item>
          <item id="1" description="Music">
            <visible>Skin.HasSetting(plexbmc)</visible>
            <visible>!IsEmpty(Window.Property(Plexbmc.LatestChannel.2.Path))</visible>
            <label>$INFO[Window.Property(Plexbmc.LatestChannel.2.Title)]</label>
            <onclick>$INFO[Window(Home).Property(Plexbmc.LatestChannel.2.Path)]</onclick>
            <thumb>$INFO[Window.Property(Plexbmc.LatestChannel.2.Thumb)]</thumb>
            <property name="ItemType">Channels</property>
          </item>
          <item id="1" description="Music">
            <visible>Skin.HasSetting(plexbmc)</visible>
            <visible>!IsEmpty(Window.Property(Plexbmc.LatestChannel.3.Path))</visible>
            <label>$INFO[Window.Property(Plexbmc.LatestChannel.3.Title)]</label>
            <onclick>$INFO[Window(Home).Property(Plexbmc.LatestChannel.3.Path)]</onclick>
            <thumb>$INFO[Window.Property(Plexbmc.LatestChannel.3.Thumb)]</thumb>
            <property name="ItemType">Channels</property>
          </item>
          <item id="1" description="Music">
            <visible>Skin.HasSetting(plexbmc)</visible>
            <visible>!IsEmpty(Window.Property(Plexbmc.LatestChannel.4.Path))</visible>
            <label>$INFO[Window.Property(Plexbmc.LatestChannel.4.Title)]</label>
            <onclick>$INFO[Window(Home).Property(Plexbmc.LatestChannel.4.Path)]</onclick>
            <thumb>$INFO[Window.Property(Plexbmc.LatestChannel.4.Thumb)]</thumb>
            <property name="ItemType">Channels</property>
          </item>
          <item id="1" description="Music">
            <visible>Skin.HasSetting(plexbmc)</visible>
            <visible>!IsEmpty(Window.Property(Plexbmc.LatestChannel.5.Path))</visible>
            <label>$INFO[Window.Property(Plexbmc.LatestChannel.5.Title)]</label>
            <onclick>$INFO[Window(Home).Property(Plexbmc.LatestChannel.5.Path)]</onclick>
            <thumb>$INFO[Window.Property(Plexbmc.LatestChannel.5.Thumb)]</thumb>
            <property name="ItemType">Channels</property>
          </item>
          <item id="1" description="Music">
            <visible>Skin.HasSetting(plexbmc)</visible>
            <visible>!IsEmpty(Window.Property(Plexbmc.LatestChannel.6.Path))</visible>
            <label>$INFO[Window.Property(Plexbmc.LatestChannel.6.Title)]</label>
            <onclick>$INFO[Window(Home).Property(Plexbmc.LatestChannel.6.Path)]</onclick>
            <thumb>$INFO[Window.Property(Plexbmc.LatestChannel.6.Thumb)]</thumb>
            <property name="ItemType">Channels</property>
          </item>
          <item id="1" description="Music">
            <visible>Skin.HasSetting(plexbmc)</visible>
            <visible>!IsEmpty(Window.Property(Plexbmc.LatestChannel.7.Path))</visible>
            <label>$INFO[Window.Property(Plexbmc.LatestChannel.7.Title)]</label>
            <onclick>$INFO[Window(Home).Property(Plexbmc.LatestChannel.7.Path)]</onclick>
            <thumb>$INFO[Window.Property(Plexbmc.LatestChannel.7.Thumb)]</thumb>
            <property name="ItemType">Channels</property>
          </item>
          <item id="1" description="Music">
            <visible>Skin.HasSetting(plexbmc)</visible>
            <visible>!IsEmpty(Window.Property(Plexbmc.LatestChannel.8.Path))</visible>
            <label>$INFO[Window.Property(Plexbmc.LatestChannel.8.Title)]</label>
            <onclick>$INFO[Window(Home).Property(Plexbmc.LatestChannel.8.Path)]</onclick>
            <thumb>$INFO[Window.Property(Plexbmc.LatestChannel.8.Thumb)]</thumb>
            <property name="ItemType">Channels</property>
          </item>
        </content>
      </control>
	  <control type="label" id="310" description="Top Label">
        <visible>Control.IsVisible(311)</visible>
        <include>VisibleFadeEffect</include>
        <include>ShelfTopLabel</include>
        <label>$INFO[Container(311).ListItem.Property(ItemType)]</label>
      </control>
      <control type="panel" id="311" description="TOP Shortcuts">
        <visible>!Skin.HasSetting(Hide.RecentlyAdded) + [!IsEmpty(Window(Home).Property(LatestMovie.1.Path)) | !IsEmpty(Window(Home).Property(Plexbmc.LatestMovie.1.Path))]</visible>
        <onleft>311</onleft>
        <onright>311</onright>
		<onup>300</onup>
	    <ondown>300</ondown>
        <include>RA_Commons_Posters</include>
        <content>
          <item id="1" description="Movies">
            <visible>!Skin.HasSetting(plexbmc)</visible>
			<visible>!IsEmpty(Window(Home).Property(LatestMovie.1.Path))</visible>
            <label>$INFO[Window(Home).Property(LatestMovie.1.Title)]</label>
            <thumb>$INFO[Window(Home).Property(LatestMovie.1.Thumb)]</thumb>
            <property name="ItemType">$LOCALIZE[20386]</property>
            <onclick>PlayMedia($ESCINFO[Window(Home).Property(LatestMovie.1.Path)])</onclick>
          </item>
          <item id="2" description="Shortcut2">
            <visible>!Skin.HasSetting(plexbmc)</visible>
			<visible>!IsEmpty(Window(Home).Property(LatestMovie.2.Path))</visible>
            <label>$INFO[Window(Home).Property(LatestMovie.2.Title)]</label>
            <thumb>$INFO[Window(Home).Property(LatestMovie.2.Thumb)]</thumb>
            <property name="ItemType">$LOCALIZE[20386]</property>
            <onclick>PlayMedia($ESCINFO[Window(Home).Property(LatestMovie.2.Path)])</onclick>
          </item>
          <item id="3" description="Shortcut3">
            <visible>!Skin.HasSetting(plexbmc)</visible>
			<visible>!IsEmpty(Window(Home).Property(LatestMovie.3.Path))</visible>
            <label>$INFO[Window(Home).Property(LatestMovie.3.Title)]</label>
            <thumb>$INFO[Window(Home).Property(LatestMovie.3.Thumb)]</thumb>
            <property name="ItemType">$LOCALIZE[20386]</property>
            <onclick>PlayMedia($ESCINFO[Window(Home).Property(LatestMovie.3.Path)])</onclick>
          </item>
          <item id="4" description="Shortcut4">
            <visible>!Skin.HasSetting(plexbmc)</visible>
			<visible>!IsEmpty(Window(Home).Property(LatestMovie.4.Path))</visible>
            <label>$INFO[Window(Home).Property(LatestMovie.4.Title)]</label>
            <thumb>$INFO[Window(Home).Property(LatestMovie.4.Thumb)]</thumb>
            <property name="ItemType">$LOCALIZE[20386]</property>
            <onclick>PlayMedia($ESCINFO[Window(Home).Property(LatestMovie.4.Path)])</onclick>
          </item>
          <item id="5" description="Shortcut5">
            <visible>!Skin.HasSetting(plexbmc)</visible>
			<visible>!IsEmpty(Window(Home).Property(LatestMovie.5.Path))</visible>
            <label>$INFO[Window(Home).Property(LatestMovie.5.Title)]</label>
            <thumb>$INFO[Window(Home).Property(LatestMovie.5.Thumb)]</thumb>
            <property name="ItemType">$LOCALIZE[20386]</property>
            <onclick>PlayMedia($ESCINFO[Window(Home).Property(LatestMovie.5.Path)])</onclick>
          </item>
          <item id="6" description="Movies">
            <visible>!Skin.HasSetting(plexbmc)</visible>
			<visible>!IsEmpty(Window(Home).Property(LatestMovie.6.Path))</visible>
            <label>$INFO[Window(Home).Property(LatestMovie.6.Title)]</label>
            <thumb>$INFO[Window(Home).Property(LatestMovie.6.Thumb)]</thumb>
            <property name="ItemType">$LOCALIZE[20386]</property>
            <onclick>PlayMedia($ESCINFO[Window(Home).Property(LatestMovie.6.Path)])</onclick>
          </item>
          <item id="7" description="Shortcut7">
            <visible>!Skin.HasSetting(plexbmc)</visible>
			<visible>!IsEmpty(Window(Home).Property(LatestMovie.7.Path))</visible>
            <label>$INFO[Window(Home).Property(LatestMovie.7.Title)]</label>
            <thumb>$INFO[Window(Home).Property(LatestMovie.7.Thumb)]</thumb>
            <property name="ItemType">$LOCALIZE[20386]</property>
            <onclick>PlayMedia($ESCINFO[Window(Home).Property(LatestMovie.7.Path)])</onclick>
          </item>
          <item id="8" description="Shortcut8">
            <visible>!Skin.HasSetting(plexbmc)</visible>
			<visible>!IsEmpty(Window(Home).Property(LatestMovie.8.Path))</visible>
            <label>$INFO[Window(Home).Property(LatestMovie.8.Title)]</label>
            <thumb>$INFO[Window(Home).Property(LatestMovie.8.Thumb)]</thumb>
            <property name="ItemType">$LOCALIZE[20386]</property>
            <onclick>PlayMedia($ESCINFO[Window(Home).Property(LatestMovie.8.Path)])</onclick>
          </item>
          <item id="9" description="Shortcut9">
            <visible>!Skin.HasSetting(plexbmc)</visible>
			<visible>!IsEmpty(Window(Home).Property(LatestMovie.9.Path))</visible>
            <label>$INFO[Window(Home).Property(LatestMovie.9.Title)]</label>
            <thumb>$INFO[Window(Home).Property(LatestMovie.9.Thumb)]</thumb>
            <property name="ItemType">$LOCALIZE[20386]</property>
            <onclick>PlayMedia($ESCINFO[Window(Home).Property(LatestMovie.9.Path)])</onclick>
          </item>
          <item id="10" description="Shortcut10">
            <visible>!Skin.HasSetting(plexbmc)</visible>
			<visible>!IsEmpty(Window(Home).Property(LatestMovie.10.Path))</visible>
            <label>$INFO[Window(Home).Property(LatestMovie.10.Title)]</label>
            <thumb>$INFO[Window(Home).Property(LatestMovie.10.Thumb)]</thumb>
            <property name="ItemType">$LOCALIZE[20386]</property>
            <onclick>PlayMedia($ESCINFO[Window(Home).Property(LatestMovie.10.Path)])</onclick>
          </item>
          <item id="1" description="Movies">
            <visible>Skin.HasSetting(plexbmc)</visible>
			<visible>!IsEmpty(Window(Home).Property(Plexbmc.LatestMovie.1.Path))</visible>
            <label>$INFO[Window(Home).Property(Plexbmc.LatestMovie.1.Title)]</label>
            <thumb>$INFO[Window(Home).Property(Plexbmc.LatestMovie.1.Thumb)]</thumb>
            <property name="ItemType">$LOCALIZE[20386]</property>
            <onclick>PlayMedia($ESCINFO[Window(Home).Property(Plexbmc.LatestMovie.1.Path)])</onclick>
          </item>
          <item id="2" description="Shortcut2">
            <visible>Skin.HasSetting(plexbmc)</visible>
			<visible>!IsEmpty(Window(Home).Property(Plexbmc.LatestMovie.2.Path))</visible>
            <label>$INFO[Window(Home).Property(Plexbmc.LatestMovie.2.Title)]</label>
            <thumb>$INFO[Window(Home).Property(Plexbmc.LatestMovie.2.Thumb)]</thumb>
            <property name="ItemType">$LOCALIZE[20386]</property>
            <onclick>PlayMedia($ESCINFO[Window(Home).Property(Plexbmc.LatestMovie.2.Path)])</onclick>
          </item>
          <item id="3" description="Shortcut3">
            <visible>Skin.HasSetting(plexbmc)</visible>
			<visible>!IsEmpty(Window(Home).Property(Plexbmc.LatestMovie.3.Path))</visible>
            <label>$INFO[Window(Home).Property(Plexbmc.LatestMovie.3.Title)]</label>
            <thumb>$INFO[Window(Home).Property(Plexbmc.LatestMovie.3.Thumb)]</thumb>
            <property name="ItemType">$LOCALIZE[20386]</property>
            <onclick>PlayMedia($ESCINFO[Window(Home).Property(Plexbmc.LatestMovie.3.Path)])</onclick>
          </item>
          <item id="4" description="Shortcut4">
            <visible>Skin.HasSetting(plexbmc)</visible>
			<visible>!IsEmpty(Window(Home).Property(Plexbmc.LatestMovie.4.Path))</visible>
            <label>$INFO[Window(Home).Property(Plexbmc.LatestMovie.4.Title)]</label>
            <thumb>$INFO[Window(Home).Property(Plexbmc.LatestMovie.4.Thumb)]</thumb>
            <property name="ItemType">$LOCALIZE[20386]</property>
            <onclick>PlayMedia($ESCINFO[Window(Home).Property(Plexbmc.LatestMovie.4.Path)])</onclick>
          </item>
          <item id="5" description="Shortcut5">
            <visible>Skin.HasSetting(plexbmc)</visible>
			<visible>!IsEmpty(Window(Home).Property(Plexbmc.LatestMovie.5.Path))</visible>
            <label>$INFO[Window(Home).Property(Plexbmc.LatestMovie.5.Title)]</label>
            <thumb>$INFO[Window(Home).Property(Plexbmc.LatestMovie.5.Thumb)]</thumb>
            <property name="ItemType">$LOCALIZE[20386]</property>
            <onclick>PlayMedia($ESCINFO[Window(Home).Property(Plexbmc.LatestMovie.5.Path)])</onclick>
          </item>
          <item id="6" description="Movies">
            <visible>Skin.HasSetting(plexbmc)</visible>
			<visible>!IsEmpty(Window(Home).Property(Plexbmc.LatestMovie.6.Path))</visible>
            <label>$INFO[Window(Home).Property(Plexbmc.LatestMovie.6.Title)]</label>
            <thumb>$INFO[Window(Home).Property(Plexbmc.LatestMovie.6.Thumb)]</thumb>
            <property name="ItemType">$LOCALIZE[20386]</property>
            <onclick>PlayMedia($ESCINFO[Window(Home).Property(Plexbmc.LatestMovie.6.Path)])</onclick>
          </item>
          <item id="7" description="Shortcut7">
            <visible>Skin.HasSetting(plexbmc)</visible>
			<visible>!IsEmpty(Window(Home).Property(Plexbmc.LatestMovie.7.Path))</visible>
            <label>$INFO[Window(Home).Property(Plexbmc.LatestMovie.7.Title)]</label>
            <thumb>$INFO[Window(Home).Property(Plexbmc.LatestMovie.7.Thumb)]</thumb>
            <property name="ItemType">$LOCALIZE[20386]</property>
            <onclick>PlayMedia($ESCINFO[Window(Home).Property(Plexbmc.LatestMovie.7.Path)])</onclick>
          </item>
          <item id="8" description="Shortcut8">
            <visible>Skin.HasSetting(plexbmc)</visible>
			<visible>!IsEmpty(Window(Home).Property(Plexbmc.LatestMovie.8.Path))</visible>
            <label>$INFO[Window(Home).Property(Plexbmc.LatestMovie.8.Title)]</label>
            <thumb>$INFO[Window(Home).Property(Plexbmc.LatestMovie.8.Thumb)]</thumb>
            <property name="ItemType">$LOCALIZE[20386]</property>
            <onclick>PlayMedia($ESCINFO[Window(Home).Property(Plexbmc.LatestMovie.8.Path)])</onclick>
          </item>
          <item id="9" description="Shortcut9">
            <visible>Skin.HasSetting(plexbmc)</visible>
			<visible>!IsEmpty(Window(Home).Property(Plexbmc.LatestMovie.9.Path))</visible>
            <label>$INFO[Window(Home).Property(Plexbmc.LatestMovie.9.Title)]</label>
            <thumb>$INFO[Window(Home).Property(Plexbmc.LatestMovie.9.Thumb)]</thumb>
            <property name="ItemType">$LOCALIZE[20386]</property>
            <onclick>PlayMedia($ESCINFO[Window(Home).Property(Plexbmc.LatestMovie.9.Path)])</onclick>
          </item>
          <item id="10" description="Shortcut10">
            <visible>Skin.HasSetting(plexbmc)</visible>
			<visible>!IsEmpty(Window(Home).Property(Plexbmc.LatestMovie.10.Path))</visible>
            <label>$INFO[Window(Home).Property(Plexbmc.LatestMovie.10.Title)]</label>
            <thumb>$INFO[Window(Home).Property(Plexbmc.LatestMovie.10.Thumb)]</thumb>
            <property name="ItemType">$LOCALIZE[20386]</property>
            <onclick>PlayMedia($ESCINFO[Window(Home).Property(Plexbmc.LatestMovie.10.Path)])</onclick>
          </item>
		  <item id="11" description="Shortcut11">
            <visible>Skin.HasSetting(plexbmc)</visible>
			<visible>!IsEmpty(Window(Home).Property(Plexbmc.LatestMovie.11.Path))</visible>
            <label>$INFO[Window(Home).Property(Plexbmc.LatestMovie.11.Title)]</label>
            <thumb>$INFO[Window(Home).Property(Plexbmc.LatestMovie.11.Thumb)]</thumb>
            <property name="ItemType">$LOCALIZE[20386]</property>
            <onclick>PlayMedia($ESCINFO[Window(Home).Property(Plexbmc.LatestMovie.11.Path)])</onclick>
          </item>
		  <item id="12" description="Shortcut12">
            <visible>Skin.HasSetting(plexbmc)</visible>
			<visible>!IsEmpty(Window(Home).Property(Plexbmc.LatestMovie.12.Path))</visible>
            <label>$INFO[Window(Home).Property(Plexbmc.LatestMovie.12.Title)]</label>
            <thumb>$INFO[Window(Home).Property(Plexbmc.LatestMovie.12.Thumb)]</thumb>
            <property name="ItemType">$LOCALIZE[20386]</property>
            <onclick>PlayMedia($ESCINFO[Window(Home).Property(Plexbmc.LatestMovie.12.Path)])</onclick>
          </item>
		  <item id="13" description="Shortcut13">
            <visible>Skin.HasSetting(plexbmc)</visible>
			<visible>!IsEmpty(Window(Home).Property(Plexbmc.LatestMovie.13.Path))</visible>
            <label>$INFO[Window(Home).Property(Plexbmc.LatestMovie.13.Title)]</label>
            <thumb>$INFO[Window(Home).Property(Plexbmc.LatestMovie.13.Thumb)]</thumb>
            <property name="ItemType">$LOCALIZE[20386]</property>
            <onclick>PlayMedia($ESCINFO[Window(Home).Property(Plexbmc.LatestMovie.13.Path)])</onclick>
          </item>
		  <item id="14" description="Shortcut14">
            <visible>Skin.HasSetting(plexbmc)</visible>
			<visible>!IsEmpty(Window(Home).Property(Plexbmc.LatestMovie.14.Path))</visible>
            <label>$INFO[Window(Home).Property(Plexbmc.LatestMovie.14.Title)]</label>
            <thumb>$INFO[Window(Home).Property(Plexbmc.LatestMovie.14.Thumb)]</thumb>
            <property name="ItemType">$LOCALIZE[20386]</property>
            <onclick>PlayMedia($ESCINFO[Window(Home).Property(Plexbmc.LatestMovie.14.Path)])</onclick>
          </item>
		  <item id="15" description="Shortcut15">
            <visible>Skin.HasSetting(plexbmc)</visible>
			<visible>!IsEmpty(Window(Home).Property(Plexbmc.LatestMovie.15.Path))</visible>
            <label>$INFO[Window(Home).Property(Plexbmc.LatestMovie.15.Title)]</label>
            <thumb>$INFO[Window(Home).Property(Plexbmc.LatestMovie.15.Thumb)]</thumb>
            <property name="ItemType">$LOCALIZE[20386]</property>
            <onclick>PlayMedia($ESCINFO[Window(Home).Property(Plexbmc.LatestMovie.15.Path)])</onclick>
          </item>
		  <item id="16" description="Shortcut16">
            <visible>Skin.HasSetting(plexbmc)</visible>
			<visible>!IsEmpty(Window(Home).Property(Plexbmc.LatestMovie.16.Path))</visible>
            <label>$INFO[Window(Home).Property(Plexbmc.LatestMovie.16.Title)]</label>
            <thumb>$INFO[Window(Home).Property(Plexbmc.LatestMovie.16.Thumb)]</thumb>
            <property name="ItemType">$LOCALIZE[20386]</property>
            <onclick>PlayMedia($ESCINFO[Window(Home).Property(Plexbmc.LatestMovie.16.Path)])</onclick>
          </item>
		  <item id="17" description="Shortcut17">
            <visible>Skin.HasSetting(plexbmc)</visible>
			<visible>!IsEmpty(Window(Home).Property(Plexbmc.LatestMovie.17.Path))</visible>
            <label>$INFO[Window(Home).Property(Plexbmc.LatestMovie.17.Title)]</label>
            <thumb>$INFO[Window(Home).Property(Plexbmc.LatestMovie.17.Thumb)]</thumb>
            <property name="ItemType">$LOCALIZE[20386]</property>
            <onclick>PlayMedia($ESCINFO[Window(Home).Property(Plexbmc.LatestMovie.17.Path)])</onclick>
          </item>
		  <item id="18" description="Shortcut18">
            <visible>Skin.HasSetting(plexbmc)</visible>
			<visible>!IsEmpty(Window(Home).Property(Plexbmc.LatestMovie.18.Path))</visible>
            <label>$INFO[Window(Home).Property(Plexbmc.LatestMovie.18.Title)]</label>
            <thumb>$INFO[Window(Home).Property(Plexbmc.LatestMovie.18.Thumb)]</thumb>
            <property name="ItemType">$LOCALIZE[20386]</property>
            <onclick>PlayMedia($ESCINFO[Window(Home).Property(Plexbmc.LatestMovie.18.Path)])</onclick>
          </item>
		  <item id="19" description="Shortcut19">
            <visible>Skin.HasSetting(plexbmc)</visible>
			<visible>!IsEmpty(Window(Home).Property(Plexbmc.LatestMovie.19.Path))</visible>
            <label>$INFO[Window(Home).Property(Plexbmc.LatestMovie.19.Title)]</label>
            <thumb>$INFO[Window(Home).Property(Plexbmc.LatestMovie.19.Thumb)]</thumb>
            <property name="ItemType">$LOCALIZE[20386]</property>
            <onclick>PlayMedia($ESCINFO[Window(Home).Property(Plexbmc.LatestMovie.19.Path)])</onclick>
          </item>
		  <item id="20" description="Shortcut20">
            <visible>Skin.HasSetting(plexbmc)</visible>
			<visible>!IsEmpty(Window(Home).Property(Plexbmc.LatestMovie.20.Path))</visible>
            <label>$INFO[Window(Home).Property(Plexbmc.LatestMovie.20.Title)]</label>
            <thumb>$INFO[Window(Home).Property(Plexbmc.LatestMovie.20.Thumb)]</thumb>
            <property name="ItemType">$LOCALIZE[20386]</property>
            <onclick>PlayMedia($ESCINFO[Window(Home).Property(Plexbmc.LatestMovie.20.Path)])</onclick>
          </item>
        </content>
      </control>
      <control type="label" id="410" description="Top Label">
        <visible>Control.IsVisible(411)</visible>
        <include>VisibleFadeEffect</include>
        <include>ShelfTopLabel</include>
        <label>$INFO[Container(411).ListItem.Property(ItemType)]</label>
      </control>
      <control type="panel" id="411" description="TOP Shortcuts">
        <visible>!Skin.HasSetting(Hide.RecentlyAdded) + [!IsEmpty(Window(Home).Property(LatestEpisode.1.Path)) | !IsEmpty(Window(Home).Property(Plexbmc.LatestEpisode.1.Path))]</visible>
		 <onleft>411</onleft>
        <onright>411</onright>
		<onup>300</onup>
	    <ondown>300</ondown>
        <include>RA_Commons_Posters</include>
        <content>
          <item id="1" description="Episodes1">
            <visible>!Skin.HasSetting(plexbmc)</visible>
			<visible>!IsEmpty(Window(Home).Property(LatestEpisode.1.Path))</visible>
            <label>$INFO[Window(Home).Property(LatestEpisode.1.EpisodeTitle)]</label>
            <label2>$INFO[Window(Home).Property(LatestEpisode.1.ShowTitle)]</label2>
            <property name="SeasonEpisode">$LOCALIZE[31973] $INFO[Window(Home).Property(LatestEpisode.1.EpisodeSeason),,.]$INFO[Window(Home).Property(LatestEpisode.1.EpisodeNumber]</property>
			<thumb>$INFO[Window(Home).Property(LatestEpisode.1.ShowThumb)]</thumb>
            <property name="ItemType">$LOCALIZE[20387]</property>
            <onclick>PlayMedia($ESCINFO[Window(Home).Property(LatestEpisode.1.Path)])</onclick>
          </item>
          <item id="2" description="Shortcut2">
            <visible>!Skin.HasSetting(plexbmc)</visible>
			<visible>!IsEmpty(Window(Home).Property(LatestEpisode.2.Path))</visible>
            <label>$INFO[Window(Home).Property(LatestEpisode.2.EpisodeTitle)]</label>
            <label2>$INFO[Window(Home).Property(LatestEpisode.2.ShowTitle)]</label2>
            <property name="SeasonEpisode">$LOCALIZE[31973] $INFO[Window(Home).Property(LatestEpisode.2.EpisodeSeason),,.]$INFO[Window(Home).Property(LatestEpisode.2.EpisodeNumber]</property>
            <thumb>$INFO[Window(Home).Property(LatestEpisode.2.ShowThumb)]</thumb>
            <property name="ItemType">$LOCALIZE[20387]</property>
            <onclick>PlayMedia($ESCINFO[Window(Home).Property(LatestEpisode.2.Path)])</onclick>
          </item>
          <item id="3" description="Shortcut3">
            <visible>!Skin.HasSetting(plexbmc)</visible>
			<visible>!IsEmpty(Window(Home).Property(LatestEpisode.3.Path))</visible>
            <label>$INFO[Window(Home).Property(LatestEpisode.3.EpisodeTitle)]</label>
            <label2>$INFO[Window(Home).Property(LatestEpisode.3.ShowTitle)]</label2>
            <property name="SeasonEpisode">$LOCALIZE[31973] $INFO[Window(Home).Property(LatestEpisode.3.EpisodeSeason),,.]$INFO[Window(Home).Property(LatestEpisode.3.EpisodeNumber]</property>
            <thumb>$INFO[Window(Home).Property(LatestEpisode.3.ShowThumb)]</thumb>
            <property name="ItemType">$LOCALIZE[20387]</property>
            <onclick>PlayMedia($ESCINFO[Window(Home).Property(LatestEpisode.3.Path)])</onclick>
          </item>
          <item id="4" description="Shortcut4">
            <visible>!Skin.HasSetting(plexbmc)</visible>
			<visible>!IsEmpty(Window(Home).Property(LatestEpisode.4.Path))</visible>
            <label>$INFO[Window(Home).Property(LatestEpisode.4.EpisodeTitle)]</label>
            <label2>$INFO[Window(Home).Property(LatestEpisode.4.ShowTitle)]</label2>
            <property name="SeasonEpisode">$LOCALIZE[31973] $INFO[Window(Home).Property(LatestEpisode.4.EpisodeSeason),,.]$INFO[Window(Home).Property(LatestEpisode.4.EpisodeNumber]</property>
            <thumb>$INFO[Window(Home).Property(LatestEpisode.4.ShowThumb)]</thumb>
            <property name="ItemType">$LOCALIZE[20387]</property>
            <onclick>PlayMedia($ESCINFO[Window(Home).Property(LatestEpisode.4.Path)])</onclick>
          </item>
          <item id="5" description="Shortcut5">
            <visible>!Skin.HasSetting(plexbmc)</visible>
			<visible>!IsEmpty(Window(Home).Property(LatestEpisode.5.Path))</visible>
            <label>$INFO[Window(Home).Property(LatestEpisode.5.EpisodeTitle)]</label>
            <label2>$INFO[Window(Home).Property(LatestEpisode.5.ShowTitle)]</label2>
            <property name="SeasonEpisode">$LOCALIZE[31973] $INFO[Window(Home).Property(LatestEpisode.5.EpisodeSeason),,.]$INFO[Window(Home).Property(LatestEpisode.5.EpisodeNumber]</property>
            <thumb>$INFO[Window(Home).Property(LatestEpisode.5.ShowThumb)]</thumb>
            <property name="ItemType">$LOCALIZE[20387]</property>
            <onclick>PlayMedia($ESCINFO[Window(Home).Property(LatestEpisode.5.Path)])</onclick>
          </item>
          <item id="6" description="Shortcut6">
            <visible>!Skin.HasSetting(plexbmc)</visible>
			<visible>!IsEmpty(Window(Home).Property(LatestEpisode.6.Path))</visible>
            <label>$INFO[Window(Home).Property(LatestEpisode.6.EpisodeTitle)]</label>
            <label2>$INFO[Window(Home).Property(LatestEpisode.6.ShowTitle)]</label2>
            <property name="SeasonEpisode">$LOCALIZE[31973] $INFO[Window(Home).Property(LatestEpisode.6.EpisodeSeason),,.]$INFO[Window(Home).Property(LatestEpisode.6.EpisodeNumber]</property>
            <thumb>$INFO[Window(Home).Property(LatestEpisode.6.ShowThumb)]</thumb>
            <property name="ItemType">$LOCALIZE[20387]</property>
            <onclick>PlayMedia($ESCINFO[Window(Home).Property(LatestEpisode.6.Path)])</onclick>
          </item>
          <item id="7" description="Shortcut7">
            <visible>!Skin.HasSetting(plexbmc)</visible>
			<visible>!IsEmpty(Window(Home).Property(LatestEpisode.7.Path))</visible>
            <label>$INFO[Window(Home).Property(LatestEpisode.7.EpisodeTitle)]</label>
            <label2>$INFO[Window(Home).Property(LatestEpisode.7.ShowTitle)]</label2>
            <property name="SeasonEpisode">$LOCALIZE[31973] $INFO[Window(Home).Property(LatestEpisode.7.EpisodeSeason),,.]$INFO[Window(Home).Property(LatestEpisode.7.EpisodeNumber]</property>
            <thumb>$INFO[Window(Home).Property(LatestEpisode.7.ShowThumb)]</thumb>
            <property name="ItemType">$LOCALIZE[20387]</property>
            <onclick>PlayMedia($ESCINFO[Window(Home).Property(LatestEpisode.7.Path)])</onclick>
          </item>
          <item id="8" description="Shortcut8">
            <visible>!Skin.HasSetting(plexbmc)</visible>
			<visible>!IsEmpty(Window(Home).Property(LatestEpisode.8.Path))</visible>
            <label>$INFO[Window(Home).Property(LatestEpisode.8.EpisodeTitle)]</label>
            <label2>$INFO[Window(Home).Property(LatestEpisode.8.ShowTitle)]</label2>
            <property name="SeasonEpisode">$LOCALIZE[31973] $INFO[Window(Home).Property(LatestEpisode.8.EpisodeSeason),,.]$INFO[Window(Home).Property(LatestEpisode.8.EpisodeNumber]</property>
            <thumb>$INFO[Window(Home).Property(LatestEpisode.8.ShowThumb)]</thumb>
            <property name="ItemType">$LOCALIZE[20387]</property>
            <onclick>PlayMedia($ESCINFO[Window(Home).Property(LatestEpisode.8.Path)])</onclick>
          </item>
          <item id="9" description="Shortcut9">
            <visible>!Skin.HasSetting(plexbmc)</visible>
			<visible>!IsEmpty(Window(Home).Property(LatestEpisode.9.Path))</visible>
            <label>$INFO[Window(Home).Property(LatestEpisode.9.EpisodeTitle)]</label>
            <label2>$INFO[Window(Home).Property(LatestEpisode.9.ShowTitle)]</label2>
            <property name="SeasonEpisode">$LOCALIZE[31973] $INFO[Window(Home).Property(LatestEpisode.9.EpisodeSeason),,.]$INFO[Window(Home).Property(LatestEpisode.9.EpisodeNumber]</property>
            <thumb>$INFO[Window(Home).Property(LatestEpisode.9.ShowThumb)]</thumb>
            <property name="ItemType">$LOCALIZE[20387]</property>
            <onclick>PlayMedia($ESCINFO[Window(Home).Property(LatestEpisode.9.Path)])</onclick>
          </item>
          <item id="10" description="Shortcut10">
            <visible>!Skin.HasSetting(plexbmc)</visible>
			<visible>!IsEmpty(Window(Home).Property(LatestEpisode.10.Path))</visible>
            <label>$INFO[Window(Home).Property(LatestEpisode.10.EpisodeTitle)]</label>
            <label2>$INFO[Window(Home).Property(LatestEpisode.10.ShowTitle)]</label2>
            <property name="SeasonEpisode">$LOCALIZE[31973] $INFO[Window(Home).Property(LatestEpisode.10.EpisodeSeason),,.]$INFO[Window(Home).Property(LatestEpisode.10.EpisodeNumber]</property>
            <thumb>$INFO[Window(Home).Property(LatestEpisode.10.ShowThumb)]</thumb>
            <property name="ItemType">$LOCALIZE[20387]</property>
            <onclick>PlayMedia($ESCINFO[Window(Home).Property(LatestEpisode.10.Path)])</onclick>
          </item>
          <item id="1" description="Episodes1">
            <visible>Skin.HasSetting(plexbmc)</visible>
			<visible>!IsEmpty(Window(Home).Property(Plexbmc.LatestEpisode.1.Path))</visible>
            <label>$INFO[Window(Home).Property(Plexbmc.LatestEpisode.1.EpisodeTitle)]</label>
            <label2>$INFO[Window(Home).Property(Plexbmc.LatestEpisode.1.ShowTitle)]</label2>
            <property name="SeasonEpisode">$LOCALIZE[31973] $INFO[Window(Home).Property(Plexbmc.LatestEpisode.1.EpisodeSeason),,.]$INFO[Window(Home).Property(Plexbmc.LatestEpisode.1.EpisodeNumber]</property>
			<!--<property name="SeasonEpisode">$INFO[Window(Home).Property(Plexbmc.LatestEpisode.1.EpisodeSeason)]</property>-->
            <thumb>$INFO[Window(Home).Property(Plexbmc.LatestEpisode.1.Thumb)]</thumb>
            <property name="ItemType">$LOCALIZE[20387]</property>
            <onclick>$INFO[Window(Home).Property(Plexbmc.LatestEpisode.1.Path)]</onclick>
          </item>
          <item id="2" description="Shortcut2">
            <visible>Skin.HasSetting(plexbmc)</visible>
			<visible>!IsEmpty(Window(Home).Property(Plexbmc.LatestEpisode.2.Path))</visible>
            <label>$INFO[Window(Home).Property(Plexbmc.LatestEpisode.2.EpisodeTitle)]</label>
            <label2>$INFO[Window(Home).Property(Plexbmc.LatestEpisode.2.ShowTitle)]</label2>
            <property name="SeasonEpisode">$INFO[Window(Home).Property(Plexbmc.LatestEpisode.2.EpisodeSeason)]</property>
            <thumb>$INFO[Window(Home).Property(Plexbmc.LatestEpisode.2.Thumb)]</thumb>
            <property name="ItemType">$LOCALIZE[20387]</property>
            <onclick>$INFO[Window(Home).Property(Plexbmc.LatestEpisode.2.Path)])</onclick>
          </item>
          <item id="3" description="Shortcut3">
            <visible>Skin.HasSetting(plexbmc)</visible>
			<visible>!IsEmpty(Window(Home).Property(Plexbmc.LatestEpisode.3.Path))</visible>
            <label>$INFO[Window(Home).Property(Plexbmc.LatestEpisode.3.EpisodeTitle)]</label>
            <label2>$INFO[Window(Home).Property(Plexbmc.LatestEpisode.3.ShowTitle)]</label2>
            <property name="SeasonEpisode">$INFO[Window(Home).Property(Plexbmc.LatestEpisode.3.EpisodeSeason)]</property>
            <thumb>$INFO[Window(Home).Property(Plexbmc.LatestEpisode.3.Thumb)]</thumb>
            <property name="ItemType">$LOCALIZE[20387]</property>
            <onclick>$INFO[Window(Home).Property(Plexbmc.LatestEpisode.3.Path)])</onclick>
          </item>
          <item id="4" description="Shortcut4">
            <visible>Skin.HasSetting(plexbmc)</visible>
			<visible>!IsEmpty(Window(Home).Property(Plexbmc.LatestEpisode.4.Path))</visible>
            <label>$INFO[Window(Home).Property(Plexbmc.LatestEpisode.4.EpisodeTitle)]</label>
            <label2>$INFO[Window(Home).Property(Plexbmc.LatestEpisode.4.ShowTitle)]</label2>
            <property name="SeasonEpisode">$INFO[Window(Home).Property(Plexbmc.LatestEpisode.4.EpisodeSeason)]</property>
            <thumb>$INFO[Window(Home).Property(Plexbmc.LatestEpisode.4.Thumb)]</thumb>
            <property name="ItemType">$LOCALIZE[20387]</property>
            <onclick>$INFO[Window(Home).Property(Plexbmc.LatestEpisode.4.Path)])</onclick>
          </item>
          <item id="5" description="Shortcut5">
            <visible>Skin.HasSetting(plexbmc)</visible>
			<visible>!IsEmpty(Window(Home).Property(Plexbmc.LatestEpisode.5.Path))</visible>
            <label>$INFO[Window(Home).Property(Plexbmc.LatestEpisode.5.EpisodeTitle)]</label>
            <label2>$INFO[Window(Home).Property(Plexbmc.LatestEpisode.5.ShowTitle)]</label2>
            <property name="SeasonEpisode">$INFO[Window(Home).Property(Plexbmc.LatestEpisode.5.EpisodeSeason)]</property>
            <thumb>$INFO[Window(Home).Property(Plexbmc.LatestEpisode.5.Thumb)]</thumb>
            <property name="ItemType">$LOCALIZE[20387]</property>
            <onclick>$INFO[Window(Home).Property(Plexbmc.LatestEpisode.5.Path)])</onclick>
          </item>
          <item id="6" description="Shortcut6">
            <visible>Skin.HasSetting(plexbmc)</visible>
			<visible>!IsEmpty(Window(Home).Property(Plexbmc.LatestEpisode.6.Path))</visible>
            <label>$INFO[Window(Home).Property(Plexbmc.LatestEpisode.6.EpisodeTitle)]</label>
            <label2>$INFO[Window(Home).Property(Plexbmc.LatestEpisode.6.ShowTitle)]</label2>
            <property name="SeasonEpisode">$INFO[Window(Home).Property(Plexbmc.LatestEpisode.6.EpisodeSeason)]</property>
            <thumb>$INFO[Window(Home).Property(Plexbmc.LatestEpisode.6.Thumb)]</thumb>
            <property name="ItemType">$LOCALIZE[20387]</property>
            <onclick>$INFO[Window(Home).Property(Plexbmc.LatestEpisode.6.Path)])</onclick>
          </item>
          <item id="7" description="Shortcut7">
            <visible>Skin.HasSetting(plexbmc)</visible>
			<visible>!IsEmpty(Window(Home).Property(Plexbmc.LatestEpisode.7.Path))</visible>
            <label>$INFO[Window(Home).Property(Plexbmc.LatestEpisode.7.EpisodeTitle)]</label>
            <label2>$INFO[Window(Home).Property(Plexbmc.LatestEpisode.7.ShowTitle)]</label2>
            <property name="SeasonEpisode">$INFO[Window(Home).Property(Plexbmc.LatestEpisode.7.EpisodeSeason)]</property>
            <thumb>$INFO[Window(Home).Property(Plexbmc.LatestEpisode.7.Thumb)]</thumb>
            <property name="ItemType">$LOCALIZE[20387]</property>
            <onclick>$INFO[Window(Home).Property(Plexbmc.LatestEpisode.7.Path)])</onclick>
          </item>
          <item id="8" description="Shortcut8">
            <visible>Skin.HasSetting(plexbmc)</visible>
			<visible>!IsEmpty(Window(Home).Property(Plexbmc.LatestEpisode.8.Path))</visible>
            <label>$INFO[Window(Home).Property(Plexbmc.LatestEpisode.8.EpisodeTitle)]</label>
            <label2>$INFO[Window(Home).Property(Plexbmc.LatestEpisode.8.ShowTitle)]</label2>
            <property name="SeasonEpisode">$INFO[Window(Home).Property(Plexbmc.LatestEpisode.8.EpisodeSeason)]</property>
            <thumb>$INFO[Window(Home).Property(Plexbmc.LatestEpisode.8.Thumb)]</thumb>
            <property name="ItemType">$LOCALIZE[20387]</property>
            <onclick>$INFO[Window(Home).Property(Plexbmc.LatestEpisode.8.Path)])</onclick>
          </item>
          <item id="9" description="Shortcut9">
            <visible>Skin.HasSetting(plexbmc)</visible>
			<visible>!IsEmpty(Window(Home).Property(Plexbmc.LatestEpisode.9.Path))</visible>
            <label>$INFO[Window(Home).Property(Plexbmc.LatestEpisode.9.EpisodeTitle)]</label>
            <label2>$INFO[Window(Home).Property(Plexbmc.LatestEpisode.9.ShowTitle)]</label2>
            <property name="SeasonEpisode">$INFO[Window(Home).Property(Plexbmc.LatestEpisode.9.EpisodeSeason)]</property>
            <thumb>$INFO[Window(Home).Property(Plexbmc.LatestEpisode.9.Thumb)]</thumb>
            <property name="ItemType">$LOCALIZE[20387]</property>
            <onclick>$INFO[Window(Home).Property(Plexbmc.LatestEpisode.9.Path)])</onclick>
          </item>
          <item id="10" description="Shortcut10">
            <visible>Skin.HasSetting(plexbmc)</visible>
			<visible>!IsEmpty(Window(Home).Property(Plexbmc.LatestEpisode.10.Path))</visible>
            <label>$INFO[Window(Home).Property(Plexbmc.LatestEpisode.10.EpisodeTitle)]</label>
            <label2>$INFO[Window(Home).Property(Plexbmc.LatestEpisode.10.ShowTitle)]</label2>
            <property name="SeasonEpisode">$INFO[Window(Home).Property(Plexbmc.LatestEpisode.10.EpisodeSeason)]</property>
            <thumb>$INFO[Window(Home).Property(Plexbmc.LatestEpisode.10.Thumb)]</thumb>
            <property name="ItemType">$LOCALIZE[20387]</property>
            <onclick>$INFO[Window(Home).Property(Plexbmc.LatestEpisode.10.Path)])</onclick>
          </item>
		  <item id="11" description="Shortcut11">
            <visible>Skin.HasSetting(plexbmc)</visible>
			<visible>!IsEmpty(Window(Home).Property(Plexbmc.LatestEpisode.11.Path))</visible>
            <label>$INFO[Window(Home).Property(Plexbmc.LatestEpisode.11.EpisodeTitle)]</label>
            <label2>$INFO[Window(Home).Property(Plexbmc.LatestEpisode.11.ShowTitle)]</label2>
            <property name="SeasonEpisode">$INFO[Window(Home).Property(Plexbmc.LatestEpisode.11.EpisodeSeason)]</property>
            <thumb>$INFO[Window(Home).Property(Plexbmc.LatestEpisode.11.Thumb)]</thumb>
            <property name="ItemType">$LOCALIZE[20387]</property>
            <onclick>$INFO[Window(Home).Property(Plexbmc.LatestEpisode.11.Path)])</onclick>
          </item>
		  <item id="12" description="Shortcut12">
            <visible>Skin.HasSetting(plexbmc)</visible>
			<visible>!IsEmpty(Window(Home).Property(Plexbmc.LatestEpisode.12.Path))</visible>
            <label>$INFO[Window(Home).Property(Plexbmc.LatestEpisode.12.EpisodeTitle)]</label>
            <label2>$INFO[Window(Home).Property(Plexbmc.LatestEpisode.12.ShowTitle)]</label2>
            <property name="SeasonEpisode">$INFO[Window(Home).Property(Plexbmc.LatestEpisode.12.EpisodeSeason)]</property>
            <thumb>$INFO[Window(Home).Property(Plexbmc.LatestEpisode.12.Thumb)]</thumb>
            <property name="ItemType">$LOCALIZE[20387]</property>
            <onclick>$INFO[Window(Home).Property(Plexbmc.LatestEpisode.12.Path)])</onclick>
          </item>
		  <item id="13" description="Shortcut13">
            <visible>Skin.HasSetting(plexbmc)</visible>
			<visible>!IsEmpty(Window(Home).Property(Plexbmc.LatestEpisode.13.Path))</visible>
            <label>$INFO[Window(Home).Property(Plexbmc.LatestEpisode.13.EpisodeTitle)]</label>
            <label2>$INFO[Window(Home).Property(Plexbmc.LatestEpisode.13.ShowTitle)]</label2>
            <property name="SeasonEpisode">$INFO[Window(Home).Property(Plexbmc.LatestEpisode.13.EpisodeSeason)]</property>
            <thumb>$INFO[Window(Home).Property(Plexbmc.LatestEpisode.13.Thumb)]</thumb>
            <property name="ItemType">$LOCALIZE[20387]</property>
            <onclick>$INFO[Window(Home).Property(Plexbmc.LatestEpisode.13.Path)])</onclick>
          </item>
		  <item id="14" description="Shortcut14">
            <visible>Skin.HasSetting(plexbmc)</visible>
			<visible>!IsEmpty(Window(Home).Property(Plexbmc.LatestEpisode.14.Path))</visible>
            <label>$INFO[Window(Home).Property(Plexbmc.LatestEpisode.14.EpisodeTitle)]</label>
            <label2>$INFO[Window(Home).Property(Plexbmc.LatestEpisode.14.ShowTitle)]</label2>
            <property name="SeasonEpisode">$INFO[Window(Home).Property(Plexbmc.LatestEpisode.14.EpisodeSeason)]</property>
            <thumb>$INFO[Window(Home).Property(Plexbmc.LatestEpisode.14.Thumb)]</thumb>
            <property name="ItemType">$LOCALIZE[20387]</property>
            <onclick>$INFO[Window(Home).Property(Plexbmc.LatestEpisode.14.Path)])</onclick>
          </item>
		  <item id="15" description="Shortcut15">
            <visible>Skin.HasSetting(plexbmc)</visible>
			<visible>!IsEmpty(Window(Home).Property(Plexbmc.LatestEpisode.15.Path))</visible>
            <label>$INFO[Window(Home).Property(Plexbmc.LatestEpisode.15.EpisodeTitle)]</label>
            <label2>$INFO[Window(Home).Property(Plexbmc.LatestEpisode.15.ShowTitle)]</label2>
            <property name="SeasonEpisode">$INFO[Window(Home).Property(Plexbmc.LatestEpisode.15.EpisodeSeason)]</property>
            <thumb>$INFO[Window(Home).Property(Plexbmc.LatestEpisode.15.Thumb)]</thumb>
            <property name="ItemType">$LOCALIZE[20387]</property>
            <onclick>$INFO[Window(Home).Property(Plexbmc.LatestEpisode.15.Path)])</onclick>
          </item>
		  <item id="16" description="Shortcut16">
            <visible>Skin.HasSetting(plexbmc)</visible>
			<visible>!IsEmpty(Window(Home).Property(Plexbmc.LatestEpisode.16.Path))</visible>
            <label>$INFO[Window(Home).Property(Plexbmc.LatestEpisode.16.EpisodeTitle)]</label>
            <label2>$INFO[Window(Home).Property(Plexbmc.LatestEpisode.16.ShowTitle)]</label2>
            <property name="SeasonEpisode">$INFO[Window(Home).Property(Plexbmc.LatestEpisode.16.EpisodeSeason)]</property>
            <thumb>$INFO[Window(Home).Property(Plexbmc.LatestEpisode.16.Thumb)]</thumb>
            <property name="ItemType">$LOCALIZE[20387]</property>
            <onclick>$INFO[Window(Home).Property(Plexbmc.LatestEpisode.16.Path)])</onclick>
          </item>
		  <item id="17" description="Shortcut17">
            <visible>Skin.HasSetting(plexbmc)</visible>
			<visible>!IsEmpty(Window(Home).Property(Plexbmc.LatestEpisode.17.Path))</visible>
            <label>$INFO[Window(Home).Property(Plexbmc.LatestEpisode.17.EpisodeTitle)]</label>
            <label2>$INFO[Window(Home).Property(Plexbmc.LatestEpisode.17.ShowTitle)]</label2>
            <property name="SeasonEpisode">$INFO[Window(Home).Property(Plexbmc.LatestEpisode.17.EpisodeSeason)]</property>
            <thumb>$INFO[Window(Home).Property(Plexbmc.LatestEpisode.17.Thumb)]</thumb>
            <property name="ItemType">$LOCALIZE[20387]</property>
            <onclick>$INFO[Window(Home).Property(Plexbmc.LatestEpisode.17.Path)])</onclick>
          </item>
		  <item id="18" description="Shortcut18">
            <visible>Skin.HasSetting(plexbmc)</visible>
			<visible>!IsEmpty(Window(Home).Property(Plexbmc.LatestEpisode.18.Path))</visible>
            <label>$INFO[Window(Home).Property(Plexbmc.LatestEpisode.18.EpisodeTitle)]</label>
            <label2>$INFO[Window(Home).Property(Plexbmc.LatestEpisode.18.ShowTitle)]</label2>
            <property name="SeasonEpisode">$INFO[Window(Home).Property(Plexbmc.LatestEpisode.18.EpisodeSeason)]</property>
            <thumb>$INFO[Window(Home).Property(Plexbmc.LatestEpisode.18.Thumb)]</thumb>
            <property name="ItemType">$LOCALIZE[20387]</property>
            <onclick>$INFO[Window(Home).Property(Plexbmc.LatestEpisode.18.Path)])</onclick>
          </item>
		  <item id="19" description="Shortcut19">
            <visible>Skin.HasSetting(plexbmc)</visible>
			<visible>!IsEmpty(Window(Home).Property(Plexbmc.LatestEpisode.19.Path))</visible>
            <label>$INFO[Window(Home).Property(Plexbmc.LatestEpisode.19.EpisodeTitle)]</label>
            <label2>$INFO[Window(Home).Property(Plexbmc.LatestEpisode.19.ShowTitle)]</label2>
            <property name="SeasonEpisode">$INFO[Window(Home).Property(Plexbmc.LatestEpisode.19.EpisodeSeason)]</property>
            <thumb>$INFO[Window(Home).Property(Plexbmc.LatestEpisode.19.Thumb)]</thumb>
            <property name="ItemType">$LOCALIZE[20387]</property>
            <onclick>$INFO[Window(Home).Property(Plexbmc.LatestEpisode.19.Path)])</onclick>
          </item>
		  <item id="20" description="Shortcut20">
            <visible>Skin.HasSetting(plexbmc)</visible>
			<visible>!IsEmpty(Window(Home).Property(Plexbmc.LatestEpisode.20.Path))</visible>
            <label>$INFO[Window(Home).Property(Plexbmc.LatestEpisode.20.EpisodeTitle)]</label>
            <label2>$INFO[Window(Home).Property(Plexbmc.LatestEpisode.20.ShowTitle)]</label2>
            <property name="SeasonEpisode">$INFO[Window(Home).Property(Plexbmc.LatestEpisode.20.EpisodeSeason)]</property>
            <thumb>$INFO[Window(Home).Property(Plexbmc.LatestEpisode.20.Thumb)]</thumb>
            <property name="ItemType">$LOCALIZE[20387]</property>
            <onclick>$INFO[Window(Home).Property(Plexbmc.LatestEpisode.20.Path)])</onclick>
          </item>
        </content>
      </control>
     <control type="label" id="510" description="Top Label">
        <visible>Control.IsVisible(511)</visible>
        <include>VisibleFadeEffect</include>
        <include>ShelfTopLabel</include>
        <label>$INFO[Container(511).ListItem.Property(ItemType)]</label>
      </control>
      <control type="panel" id="511" description="TOP Shortcuts">
        <visible>!Skin.HasSetting(Hide.RecentlyAdded) + [!IsEmpty(Window(Home).Property(LatestAlbum.1.Path)) | !IsEmpty(Window(Home).Property(Plexbmc.LatestAlbum.1.Path))]</visible>
        <onleft>511</onleft>
        <onright>511</onright>
		<onup>300</onup>
	    <ondown>300</ondown>
        <include>RA_Commons_Music</include>
        <content>
          <item id="1" description="Music">
            <visible>!Skin.HasSetting(plexbmc)</visible>
            <visible>!IsEmpty(Window(Home).Property(LatestAlbum.1.Path))</visible>
            <label>$INFO[Window(Home).Property(LatestAlbum.1.Artist),, - ]$INFO[Window(Home).Property(LatestAlbum.1.Title)]</label>
            <onclick>PlayList.Clear</onclick>
            <onclick>PlayMedia($ESCINFO[Window(Home).Property(LatestAlbum.1.Path)])</onclick>
            <thumb>$INFO[Window(Home).Property(LatestAlbum.1.Thumb)]</thumb>
            <property name="ItemType">$LOCALIZE[359]</property>
          </item>
          <item id="2" description="Shortcut2">
            <visible>!Skin.HasSetting(plexbmc)</visible>
            <visible>!IsEmpty(Window(Home).Property(LatestAlbum.2.Path))</visible>
            <label>$INFO[Window(Home).Property(LatestAlbum.2.Artist),, - ]$INFO[Window(Home).Property(LatestAlbum.2.Title)]</label>
            <onclick>PlayList.Clear</onclick>
            <onclick>PlayMedia($ESCINFO[Window(Home).Property(LatestAlbum.2.Path)])</onclick>
            <thumb>$INFO[Window(Home).Property(LatestAlbum.2.Thumb)]</thumb>
            <property name="ItemType">$LOCALIZE[359]</property>
          </item>
          <item id="3" description="Shortcut3">
            <visible>!Skin.HasSetting(plexbmc)</visible>
            <visible>!IsEmpty(Window(Home).Property(LatestAlbum.3.Path))</visible>
            <label>$INFO[Window(Home).Property(LatestAlbum.3.Artist),, - ]$INFO[Window(Home).Property(LatestAlbum.3.Title)]</label>
            <onclick>PlayList.Clear</onclick>
            <onclick>PlayMedia($ESCINFO[Window(Home).Property(LatestAlbum.3.Path)])</onclick>
            <thumb>$INFO[Window(Home).Property(LatestAlbum.3.Thumb)]</thumb>
            <property name="ItemType">$LOCALIZE[359]</property>
          </item>
          <item id="4" description="Shortcut4">
            <visible>!Skin.HasSetting(plexbmc)</visible>
            <visible>!IsEmpty(Window(Home).Property(LatestAlbum.4.Path))</visible>
            <label>$INFO[Window(Home).Property(LatestAlbum.4.Artist),, - ]$INFO[Window(Home).Property(LatestAlbum.4.Title)]</label>
            <onclick>PlayList.Clear</onclick>
            <onclick>PlayMedia($ESCINFO[Window(Home).Property(LatestAlbum.4.Path)])</onclick>
            <thumb>$INFO[Window(Home).Property(LatestAlbum.4.Thumb)]</thumb>
            <property name="ItemType">$LOCALIZE[359]</property>
          </item>
          <item id="5" description="Shortcut5">
            <visible>!Skin.HasSetting(plexbmc)</visible>
            <visible>!IsEmpty(Window(Home).Property(LatestAlbum.5.Path))</visible>
            <label>$INFO[Window(Home).Property(LatestAlbum.5.Artist),, - ]$INFO[Window(Home).Property(LatestAlbum.5.Title)]</label>
            <onclick>PlayList.Clear</onclick>
            <onclick>PlayMedia($ESCINFO[Window(Home).Property(LatestAlbum.5.Path)])</onclick>
            <thumb>$INFO[Window(Home).Property(LatestAlbum.5.Thumb)]</thumb>
            <property name="ItemType">$LOCALIZE[359]</property>
          </item>
          <item id="6" description="Music">
            <visible>!Skin.HasSetting(plexbmc)</visible>
            <visible>!IsEmpty(Window(Home).Property(LatestAlbum.6.Path))</visible>
            <label>$INFO[Window(Home).Property(LatestAlbum.6.Artist),, - ]$INFO[Window(Home).Property(LatestAlbum.6.Title)]</label>
            <onclick>PlayList.Clear</onclick>
            <onclick>PlayMedia($ESCINFO[Window(Home).Property(LatestAlbum.6.Path)])</onclick>
            <thumb>$INFO[Window(Home).Property(LatestAlbum.6.Thumb)]</thumb>
            <property name="ItemType">$LOCALIZE[359]</property>
          </item>
          <item id="7" description="Shortcut7">
            <visible>!Skin.HasSetting(plexbmc)</visible>
            <visible>!IsEmpty(Window(Home).Property(LatestAlbum.7.Path))</visible>
            <label>$INFO[Window(Home).Property(LatestAlbum.7.Artist),, - ]$INFO[Window(Home).Property(LatestAlbum.7.Title)]</label>
            <onclick>PlayList.Clear</onclick>
            <onclick>PlayMedia($ESCINFO[Window(Home).Property(LatestAlbum.7.Path)])</onclick>
            <thumb>$INFO[Window(Home).Property(LatestAlbum.7.Thumb)]</thumb>
            <property name="ItemType">$LOCALIZE[359]</property>
          </item>
          <item id="8" description="Shortcut8">
            <visible>!Skin.HasSetting(plexbmc)</visible>
            <visible>!IsEmpty(Window(Home).Property(LatestAlbum.8.Path))</visible>
            <label>$INFO[Window(Home).Property(LatestAlbum.8.Artist),, - ]$INFO[Window(Home).Property(LatestAlbum.8.Title)]</label>
            <onclick>PlayList.Clear</onclick>
            <onclick>PlayMedia($ESCINFO[Window(Home).Property(LatestAlbum.8.Path)])</onclick>
            <thumb>$INFO[Window(Home).Property(LatestAlbum.8.Thumb)]</thumb>
            <property name="ItemType">$LOCALIZE[359]</property>
          </item>
          <item id="9" description="Shortcut9">
            <visible>!Skin.HasSetting(plexbmc)</visible>
            <visible>!IsEmpty(Window(Home).Property(LatestAlbum.9.Path))</visible>
            <label>$INFO[Window(Home).Property(LatestAlbum.9.Artist),, - ]$INFO[Window(Home).Property(LatestAlbum.9.Title)]</label>
            <onclick>PlayList.Clear</onclick>
            <onclick>PlayMedia($ESCINFO[Window(Home).Property(LatestAlbum.9.Path)])</onclick>
            <thumb>$INFO[Window(Home).Property(LatestAlbum.9.Thumb)]</thumb>
            <property name="ItemType">$LOCALIZE[359]</property>
          </item>
          <item id="10" description="Shortcut10">
            <visible>!Skin.HasSetting(plexbmc)</visible>
            <visible>!IsEmpty(Window(Home).Property(LatestAlbum.10.Path))</visible>
            <label>$INFO[Window(Home).Property(LatestAlbum.10.Artist),, - ]$INFO[Window(Home).Property(LatestAlbum.10.Title)]</label>
            <onclick>PlayList.Clear</onclick>
            <onclick>PlayMedia($ESCINFO[Window(Home).Property(LatestAlbum.10.Path)])</onclick>
            <thumb>$INFO[Window(Home).Property(LatestAlbum.10.Thumb)]</thumb>
            <property name="ItemType">$LOCALIZE[359]</property>
          </item>
          <item id="1" description="Music">
		    <visible>Skin.HasSetting(plexbmc)</visible>
            <visible>!IsEmpty(Window(Home).Property(Plexbmc.LatestAlbum.1.Title))</visible>
            <label>$INFO[Window(Home).Property(Plexbmc.LatestAlbum.1.Artist),, - ]$INFO[Window(Home).Property(Plexbmc.LatestAlbum.1.Title)]</label>
            <onclick>PlayList.Clear</onclick>
            <onclick>$INFO[Window(Home).Property(Plexbmc.LatestAlbum.1.Path)]</onclick>
            <thumb>$INFO[Window(Home).Property(Plexbmc.LatestAlbum.1.Thumb)]</thumb>
            <property name="ItemType">$LOCALIZE[359]</property>
          </item>
          <item id="2" description="Shortcut2">
            <visible>Skin.HasSetting(plexbmc)</visible>
			<visible>!IsEmpty(Window(Home).Property(Plexbmc.LatestAlbum.2.Title))</visible>
            <label>$INFO[Window(Home).Property(Plexbmc.LatestAlbum.2.Artist),, - ]$INFO[Window(Home).Property(Plexbmc.LatestAlbum.2.Title)]</label>
            <onclick>PlayList.Clear</onclick>
            <onclick>$INFO[Window(Home).Property(Plexbmc.LatestAlbum.2.Path)]</onclick>
            <thumb>$INFO[Window(Home).Property(Plexbmc.LatestAlbum.2.Thumb)]</thumb>
            <property name="ItemType">$LOCALIZE[359]</property>
          </item>
          <item id="3" description="Shortcut3">
            <visible>Skin.HasSetting(plexbmc)</visible>
			<visible>!IsEmpty(Window(Home).Property(Plexbmc.LatestAlbum.3.Title))</visible>
            <label>$INFO[Window(Home).Property(Plexbmc.LatestAlbum.3.Artist),, - ]$INFO[Window(Home).Property(Plexbmc.LatestAlbum.3.Title)]</label>
            <onclick>PlayList.Clear</onclick>
            <onclick>$INFO[Window(Home).Property(Plexbmc.LatestAlbum.3.Path)]</onclick>
            <thumb>$INFO[Window(Home).Property(Plexbmc.LatestAlbum.3.Thumb)]</thumb>
            <property name="ItemType">$LOCALIZE[359]</property>
          </item>
          <item id="4" description="Shortcut4">
            <visible>Skin.HasSetting(plexbmc)</visible>
			<visible>!IsEmpty(Window(Home).Property(Plexbmc.LatestAlbum.4.Title))</visible>
            <label>$INFO[Window(Home).Property(Plexbmc.LatestAlbum.4.Artist),, - ]$INFO[Window(Home).Property(Plexbmc.LatestAlbum.4.Title)]</label>
            <onclick>PlayList.Clear</onclick>
            <onclick>$INFO[Window(Home).Property(Plexbmc.LatestAlbum.4.Path)]</onclick>
            <thumb>$INFO[Window(Home).Property(Plexbmc.LatestAlbum.4.Thumb)]</thumb>
            <property name="ItemType">$LOCALIZE[359]</property>
          </item>
          <item id="5" description="Shortcut5">
            <visible>Skin.HasSetting(plexbmc)</visible>
			<visible>!IsEmpty(Window(Home).Property(Plexbmc.LatestAlbum.5.Title))</visible>
            <label>$INFO[Window(Home).Property(Plexbmc.LatestAlbum.5.Artist),, - ]$INFO[Window(Home).Property(Plexbmc.LatestAlbum.5.Title)]</label>
            <onclick>PlayList.Clear</onclick>
            <onclick>$INFO[Window(Home).Property(Plexbmc.LatestAlbum.5.Path)]</onclick>
            <thumb>$INFO[Window(Home).Property(Plexbmc.LatestAlbum.5.Thumb)]</thumb>
            <property name="ItemType">$LOCALIZE[359]</property>
          </item>
          <item id="6" description="Music">
            <visible>Skin.HasSetting(plexbmc)</visible>
			<visible>!IsEmpty(Window(Home).Property(Plexbmc.LatestAlbum.6.Title))</visible>
            <label>$INFO[Window(Home).Property(Plexbmc.LatestAlbum.6.Artist),, - ]$INFO[Window(Home).Property(Plexbmc.LatestAlbum.6.Title)]</label>
            <onclick>PlayList.Clear</onclick>
            <onclick>$INFO[Window(Home).Property(Plexbmc.LatestAlbum.6.Path)]</onclick>
            <thumb>$INFO[Window(Home).Property(Plexbmc.LatestAlbum.6.Thumb)]</thumb>
            <property name="ItemType">$LOCALIZE[359]</property>
          </item>
          <item id="7" description="Shortcut7">
            <visible>Skin.HasSetting(plexbmc)</visible>
			<visible>!IsEmpty(Window(Home).Property(Plexbmc.LatestAlbum.7.Title))</visible>
            <label>$INFO[Window(Home).Property(Plexbmc.LatestAlbum.7.Artist),, - ]$INFO[Window(Home).Property(Plexbmc.LatestAlbum.7.Title)]</label>
            <onclick>PlayList.Clear</onclick>
            <onclick>$INFO[Window(Home).Property(Plexbmc.LatestAlbum.7.Path)]</onclick>
            <thumb>$INFO[Window(Home).Property(Plexbmc.LatestAlbum.7.Thumb)]</thumb>
            <property name="ItemType">$LOCALIZE[359]</property>
          </item>
          <item id="8" description="Shortcut8">
            <visible>Skin.HasSetting(plexbmc)</visible>
			<visible>!IsEmpty(Window(Home).Property(Plexbmc.LatestAlbum.8.Title))</visible>
            <label>$INFO[Window(Home).Property(Plexbmc.LatestAlbum.8.Artist),, - ]$INFO[Window(Home).Property(Plexbmc.LatestAlbum.8.Title)]</label>
            <onclick>PlayList.Clear</onclick>
            <onclick>$INFO[Window(Home).Property(Plexbmc.LatestAlbum.8.Path)]</onclick>
            <thumb>$INFO[Window(Home).Property(Plexbmc.LatestAlbum.8.Thumb)]</thumb>
            <property name="ItemType">$LOCALIZE[359]</property>
          </item>
          <item id="9" description="Shortcut9">
            <visible>Skin.HasSetting(plexbmc)</visible>
			<visible>!IsEmpty(Window(Home).Property(Plexbmc.LatestAlbum.9.Title))</visible>
            <label>$INFO[Window(Home).Property(Plexbmc.LatestAlbum.9.Artist),, - ]$INFO[Window(Home).Property(Plexbmc.LatestAlbum.9.Title)]</label>
            <onclick>PlayList.Clear</onclick>
            <onclick>$INFO[Window(Home).Property(Plexbmc.LatestAlbum.9.Path)]</onclick>
            <thumb>$INFO[Window(Home).Property(Plexbmc.LatestAlbum.9.Thumb)]</thumb>
            <property name="ItemType">$LOCALIZE[359]</property>
          </item>
          <item id="10" description="Shortcut10">
            <visible>Skin.HasSetting(plexbmc)</visible>
			<visible>!IsEmpty(Window(Home).Property(Plexbmc.LatestAlbum.10.Title))</visible>
            <label>$INFO[Window(Home).Property(Plexbmc.LatestAlbum.10.Artist),, - ]$INFO[Window(Home).Property(Plexbmc.LatestAlbum.10.Title)]</label>
            <onclick>PlayList.Clear</onclick>
            <onclick>$INFO[Window(Home).Property(Plexbmc.LatestAlbum.10.Path)]</onclick>
            <thumb>$INFO[Window(Home).Property(Plexbmc.LatestAlbum.10.Thumb)]</thumb>
            <property name="ItemType">$LOCALIZE[359]</property>
          </item>
        </content>
      </control>
    </control>
	<control type="image" description="Bottom fade">
       <posx>0</posx>
        <posy>1056</posy>
        <width>1920</width>
        <height>24</height>
        <texture>img/Gradient.png</texture>
        <aspectratio>stretch</aspectratio>
      </control>
  </controls>
</window>
