﻿<?xml version="1.0" encoding="UTF-8"?>
<window>
  <defaultcontrol always="true">21</defaultcontrol>
  <coordinates>
    <origin x="0" y="0" />
  </coordinates>
  <include>OpenClose</include>
  <controls>
    <control type="image">
      <posx>20</posx>
      <posy>20</posy>
      <width>625</width>
      <height>1000</height>
      <texture border="50,0,50,0">dialogs/DialogBG.png</texture>
    </control>
    <control type="label" id="1">
      <description>dialog Heading</description>
      <posx>120</posx>
      <posy>66</posy>
      <width>414</width>
      <textcolor>Orange</textcolor>
      <align>center</align>
    </control>
    <control type="image" description="Edit area background">
          <posx>105</posx>
          <posy>210</posy>
          <width>465</width>
          <height>75</height>
          <aspectratio>stretch</aspectratio>
          <texture border="8">dialogs/EditFrame.png</texture>
        </control>
	 <control type="label" id="4" description="Edit Text">
      <posx>144</posx>
      <posy>225</posy>
      <width>375</width>
      <height>45</height>
      <font>Keyboard</font>
      <align>center</align>
    </control>
    <control type="group">
      <posx>195</posx>
      <posy>465</posy>
      <control type="button" id="11">
        <description>1 button</description>
        <posx>0</posx>
        <posy>0</posy>
        <label>12311</label>
        <onleft>23</onleft>
        <onright>12</onright>
        <onup>20</onup>
        <ondown>14</ondown>
		<include>KeyboardNumButtons</include>
      </control>
      <control type="button" id="12">
        <description>2 button</description>
        <posx>90</posx>
        <posy>0</posy>
        <label>12312</label>
        <onleft>11</onleft>
        <onright>13</onright>
        <onup>10</onup>
        <ondown>15</ondown>
		<include>KeyboardNumButtons</include>
      </control>
      <control type="button" id="13">
        <description>3 button</description>
        <posx>180</posx>
        <posy>0</posy>
        <label>12313</label>
        <onleft>12</onleft>
        <onright>23</onright>
        <onup>22</onup>
        <ondown>16</ondown>
		<include>KeyboardNumButtons</include>
      </control>
      <control type="button" id="14">
        <description>4 button</description>
        <posx>0</posx>
        <posy>90</posy>
        <label>12314</label>
        <onleft>23</onleft>
        <onright>15</onright>
        <onup>11</onup>
        <ondown>17</ondown>
		<include>KeyboardNumButtons</include>
      </control>
      <control type="button" id="15">
        <description>5 button</description>
        <posx>90</posx>
        <posy>90</posy>
        <label>12315</label>
        <onleft>14</onleft>
        <onright>16</onright>
        <onup>12</onup>
        <ondown>18</ondown>
		<include>KeyboardNumButtons</include>
      </control>
      <control type="button" id="16">
        <description>6 button</description>
        <posx>180</posx>
        <posy>90</posy>
        <label>12316</label>
        <onleft>15</onleft>
        <onright>23</onright>
        <onup>13</onup>
        <ondown>19</ondown>
		<include>KeyboardNumButtons</include>
      </control>
      <control type="button" id="17">
        <description>7 button</description>
        <posx>0</posx>
        <posy>180</posy>
        <label>12317</label>
        <onleft>21</onleft>
        <onright>18</onright>
        <onup>14</onup>
        <ondown>20</ondown>
		<include>KeyboardNumButtons</include>
      </control>
      <control type="button" id="18">
        <description>8 button</description>
        <posx>90</posx>
        <posy>180</posy>
        <label>12318</label>
        <onleft>17</onleft>
        <onright>19</onright>
        <onup>15</onup>
        <ondown>10</ondown>
		<include>KeyboardNumButtons</include>
      </control>
      <control type="button" id="19">
        <description>9 button</description>
        <posx>180</posx>
        <posy>180</posy>
        <label>12319</label>
        <onleft>18</onleft>
        <onright>21</onright>
        <onup>16</onup>
        <ondown>22</ondown>
		<include>KeyboardNumButtons</include>
      </control>
      <control type="button" id="20">
        <description>prev button</description>
        <posx>0</posx>
        <posy>270</posy>
        <label>&lt;</label>
        <onleft>21</onleft>
        <onright>10</onright>
        <onup>17</onup>
        <ondown>11</ondown>
		<include>KeyboardNumButtons</include>
      </control>
      <control type="button" id="10">
        <description>0 button</description>
        <posx>90</posx>
        <posy>270</posy>
        <label>12310</label>
        <onleft>20</onleft>
        <onright>22</onright>
        <onup>18</onup>
        <ondown>12</ondown>
		<include>KeyboardNumButtons</include>
      </control>
      <control type="button" id="22">
        <description>next button</description>
        <posx>180</posx>
        <posy>270</posy>
        <label>&gt;</label>
        <onleft>10</onleft>
        <onright>21</onright>
        <onup>19</onup>
        <ondown>13</ondown>
		<include>KeyboardNumButtons</include>
      </control>
    </control>
    <control type="button" id="23">
      <description>Backspace button</description>
      <posx>165</posx>
      <posy>345</posy>
      <width>330</width>
      <textwidth>285</textwidth>
      <label>$LOCALIZE[20181]</label>
      <onleft>13</onleft>
      <onright>11</onright>
      <onup>-</onup>
      <ondown>12</ondown>
      <include>KeyboardNumButtons</include>
    </control>
    <control type="button" id="21">
      <description>Done button</description>
      <posx>165</posx>
      <posy>855</posy>
      <width>330</width>
      <textwidth>285</textwidth>
      <label>[UPPERCASE]$LOCALIZE[20177][/UPPERCASE]</label>
      <onleft>19</onleft>
      <onright>17</onright>
      <onup>10</onup>
      <ondown>-</ondown>
      <include>KeyboardNumButtons</include>
    </control>
  </controls>
</window>