﻿<?xml version="1.0" encoding="UTF-8"?>
<window type="dialog">
  <include>OpenClose</include>
  <visible>![Window.IsVisible(SliderDialog) | Window.IsVisible(OSDVideoSettings) | Window.IsVisible(OSDAudioSettings) | Window.IsVisible(VideoBookmarks) | Window.IsActive(script-XBMC-Subtitles-main.xml)]</visible>
  <visible>Window.IsActive(DialogFullScreenInfo.xml) | [Window.IsVisible(FullScreenVideo) + [Window.IsActive(videoosd.xml) | Player.Seeking | Player.DisplayAfterSeek | Player.Paused | Player.Forwarding | Player.Rewinding | Player.Caching]]</visible>
  <zorder>2</zorder>
  <controls>
    <control type="group" description="Top Bar">
      <animation effect="slide" start="0,-50" end="0,0" time="300">WindowOpen</animation>
      <animation effect="slide" start="0,0" end="0,-50" time="200">WindowClose</animation>
      <control type="image" description="Background">
        <visible>!Window.IsActive(DialogFullScreenInfo.xml)</visible>
		<include>VisibleFadeEffect</include>
		<posx>0</posx>
        <posy>0</posy>
        <width>1920</width>
        <height>60</height>
        <texture>img/BlackDotST.png</texture>
      </control>
      <control type="label" description="Clock">
        <posx>40</posx>
        <posy>0</posy>
        <width>300</width>
        <height>50</height>
        <align>left</align>
        <aligny>center</aligny>
        <font>Details</font>
        <label>$LOCALIZE[19127][COLOR=Orange] • [/COLOR]$INFO[Player.FinishTime]</label>
      </control>
      <control type="label" description="End time">
        <posx>40r</posx>
        <posy>0</posy>
        <width>300</width>
        <height>50</height>
        <align>right</align>
        <aligny>center</aligny>
        <font>Details</font>
        <label>$INFO[System.Time]</label>
      </control>
      <control type="group">
        <visible>Window.IsActive(DialogFullScreenInfo.xml) | [Player.Caching | Player.Paused | Player.Seeking | player.forwarding | player.rewinding | Player.DisplayAfterSeek | Window.IsActive(videoosd.xml)]</visible>
		<animation effect="fade" start="0" end="100" time="300" delay="300">Visible</animation>
        <animation effect="fade" start="100" end="0" time="200">Hidden</animation>
		<posy>15</posy>
        <control type="image" description="Real Background">
          <posx>550</posx>
          <posy>0</posy>
          <width>820</width>
          <height>24</height>
          <texture border="18,1,18,1">VideoOSD/ProgressRealBG.png</texture>
        </control>
        <control type="progress" description="Buffer Bar">
          <posx>560</posx>
          <posy>4</posy>
          <width>802</width>
          <height>17</height>
          <texturebg border="6">VideoOSD/VideoProgressBG.png</texturebg>
          <midtexture border="0,0,1,0">VideoOSD/BufferMidd.png</midtexture>
          <lefttexture border="0">VideoOSD/BufferLeft.png</lefttexture>
          <righttexture border="0">VideoOSD/BufferRight.png</righttexture>
          <info>Player.CacheLevel</info>
          <visible>Player.Caching</visible>
        </control>
        <control type="progress" id="23" description="Progress Bar">
          <posx>553</posx>
          <posy>0</posy>
          <width>823</width>
          <height>25</height>
          <texturebg border="8">VideoOSD/VideoProgressBG.png</texturebg>
          <midtexture border="0,0,1,0">VideoOSD/VideoProgressMidd.png</midtexture>
          <lefttexture border="0">VideoOSD/VideoProgressLeft.png</lefttexture>
          <righttexture border="0">VideoOSD/VideoProgressRight.png</righttexture>
          <info>Player.Progress</info>
          <visible>true</visible>
        </control>
        <control type="label">
          <posx>520</posx>
          <posy>-5</posy>
          <height>30</height>
          <width>180</width>
          <align>right</align>
          <label>$INFO[Player.Time]</label>
          <font>Details</font>
        </control>
        <control type="label">
          <posx>1390</posx>
          <posy>-5</posy>
          <height>30</height>
          <width>180</width>
          <align>left</align>
          <label>$INFO[Player.TimeRemaining,-]</label>
          <font>Details</font>
        </control>
      </control>
    </control>
    <control type="group">
      <animation effect="slide" start="0,0" end="0,-124" time="240" delay="150" condition="Window.IsActive(videoosd.xml)" reversible="false">Conditional</animation>
      <animation effect="slide" start="0,-124" end="0,0" time="150" condition="!Window.IsActive(videoosd.xml)" reversible="false">Conditional</animation>
      <posy>480</posy>
      <control type="image" description="Background">
        <visible>player.forwarding | player.rewinding | Player.Paused | Player.Caching | [Player.DisplayAfterSeek + !IsEmpty(Player.SeekOffset)]</visible>
        <include>VisibleFadeEffect</include>
		<posx>618</posx>
        <posy>534</posy>
        <width>684</width>
        <height>66</height>
        <texture border="48,24,48,0">OSD/SeekBottomBar.png</texture>
      </control>
      <control type="label" description="Pause">
        <visible>![Player.Caching | Player.Seeking | player.forwarding | player.rewinding | Player.DisplayAfterSeek] + Player.Paused</visible>
        <include>VisibleFadeEffect</include>
		<include>SeekbarLabels</include>
        <label>112</label>
      </control>
      <control type="label" id="24" description="Buffering label">
        <visible>[Player.Paused + Player.Caching] + !Player.Seeking</visible>
        <include>VisibleFadeEffect</include>
		<include>SeekbarLabels</include>
        <label>$INFO[Player.CacheLevel,$LOCALIZE[15107] ,%]</label>
      </control>
	  <control type="label" description="2x RW FW label">
        <visible>player.forwarding2x | player.rewinding2x</visible>
        <include>VisibleFadeEffect</include>
		<include>SeekbarLabels</include>
        <label>2 X</label>
      </control>
      <control type="label" description="4x RW FW label">
        <visible>player.forwarding4x | player.rewinding4x</visible>
        <include>VisibleFadeEffect</include>
		<include>SeekbarLabels</include>
        <label>4 X</label>
      </control>
      <control type="label" description="8x RW FW label">
        <visible>player.forwarding8x | player.rewinding8x</visible>
        <include>VisibleFadeEffect</include>
		<include>SeekbarLabels</include>
        <label>8 X</label>
      </control>
      <control type="label" description="16x RW FW label">
        <visible>player.forwarding16x | player.rewinding16x</visible>
        <include>VisibleFadeEffect</include>
		<include>SeekbarLabels</include>
        <label>16 X</label>
      </control>
      <control type="label" description="32x RW FW label">
        <visible>player.forwarding32x | player.rewinding32x</visible>
        <include>VisibleFadeEffect</include>
		<include>SeekbarLabels</include>
        <label>32 X</label>
      </control>
      <control type="label" description="Seek time label">
        <visible>![player.forwarding | player.rewinding]</visible>
        <visible>Player.DisplayAfterSeek</visible>
        <include>VisibleFadeEffect</include>
		<include>SeekbarLabels</include>
        <label>$INFO[Player.SeekOffset,$LOCALIZE[773] ]</label>
      </control>
    </control>
  </controls>
</window>
