﻿<?xml version="1.0" encoding="UTF-8"?>
<window type="dialog">
  <coordinates>
    <system>1</system>
    <posx>0</posx>
    <posy>0</posy>
  </coordinates>
  <animation effect="fade" time="200" delay="200">WindowOpen</animation>
  <animation effect="fade" time="100">WindowClose</animation>
  <controls>
    <control type="group" description="Content">
      <posx>720</posx>
      <posy>990</posy>
      <control type="image" description="Dialog BG">
        <posx>0</posx>
        <posy>0</posy>
        <width>480</width>
        <height>120</height>
        <texture>dialogs/TinyDialog.png</texture>
      </control>
	  <control type="image" description="Dialog BG">
        <posx>6</posx>
        <posy>30</posy>
        <width>48</width>
        <height>48</height>
        <texture>dialogs/TinyDialog.png</texture>
      </control>
      <control type="label" description="Heading">
        <posx>60</posx>
        <posy>30</posy>
        <height>48</height>
        <width>460</width>
        <textcolor>Orange</textcolor>
        <font>InfoTitle</font>
        <label>$LOCALIZE[31979]</label>
      </control>
    </control>
  </controls>
</window>
