﻿<?xml version="1.0" encoding="UTF-8"?>
<window>
  <defaultcontrol always="true">20</defaultcontrol>
  <coordinates>
    <system>1</system>
    <posx>0</posx>
    <posy>0</posy>
  </coordinates>
  <include>OpenClose</include>
  <controls>
    <control type="group">
      <animation type="WindowOpen">
        <effect type="fade" start="0" end="100" time="140" />
        <effect type="zoom" tween="cubic" start="95" end="100" center="1650,120" time="200" />
      </animation>
      <animation type="WindowClose">
        <effect type="fade" start="100" end="50" time="300" delay="100"/>
      </animation>
      <control type="image" description="background">
        <posx>450r</posx>
        <posy>48</posy>
        <width>428</width>
        <height>90</height>
        <texture>volume/VolumeBG.png</texture>
      </control>
      <control type="group">
        <visible>!player.passthrough</visible>
        <control type="progress" id="20">
          <posx>363r</posx>
          <posy>48</posy>
          <posy>52</posy>
          <width>324</width>
          <height>81</height>
          <texturebg>-</texturebg>
          <height>80</height>
          <texturebg>volume/VolumeProgressBG.png</texturebg>
          <lefttexture>-</lefttexture>
          <midtexture border="1,40,1,40">img/BlackDotT.png</midtexture>
          <righttexture>-</righttexture>
          <info>Player.Volume</info>
        </control>
        <control type="label">
          <posx>396r</posx>
          <posy>54</posy>
          <width>353</width>
          <height>82</height>
          <align>center</align>
          <font>Volume</font>
          <textcolor>Orange</textcolor>
          <label>$INFO[Control.GetLabel(20)]</label>
        </control>
      </control>
      <control type="label">
        <visible>player.passthrough</visible>
        <posx>360r</posx>
        <posy>52</posy>
        <width>320</width>
        <height>82</height>
        <align>center</align>
        <textcolor>Orange</textcolor>
        <scroll>true</scroll>
        <label>29802</label>
        <font>Details</font>
        <wrapmultiline>true</wrapmultiline>
      </control>
    </control>
  </controls>
</window>
