﻿<?xml version="1.0" encoding="UTF-8"?>
<window type="window">
  <defaultcontrol always="true">3</defaultcontrol>
  <coordinates>
    <system>1</system>
    <posx>0</posx>
    <posy>0</posy>
  </coordinates>
  <include>OpenClose</include>
  <controls>
    <include>DimBG</include>
    <control type="group" description="Content">
	<include>DialogOpenClose</include>
	<animation effect="slide" start="0,0" end="126,0" time="0" delay="0" center="auto" reversible="true" condition="!Control.IsVisible(5)">Conditional</animation>
	<posx>312</posx>
    <posy>180</posy>
      <control type="image">
        <visible>Control.IsVisible(5)</visible>
		<posx>-14</posx>
        <posy>-20</posy>
        <width>1293</width>
        <height>720</height>
        <texture border="55">dialogs/DialogRightSmall.png</texture>
      </control>
	  <control type="image">
        <visible>!Control.IsVisible(5)</visible>
		<posx>86</posx>
        <posy>-20</posy>
        <width>840</width>
        <height>720</height>
        <texture border="55">dialogs/DialogSmall.png</texture>
      </control>
    <control type="label" id="1" description="Header">
      <posx>0</posx>
        <posy>0</posy>
        <width>1010</width>
        <height>30</height>
        <align>center</align>
        <textcolor>Orange</textcolor>
    </control>
    <control type="group" description="Group 6 Thumbs">
      <control type="list" id="6">
        <posx>0</posx>
        <posy>60</posy>
        <width>1010</width>
        <height>600</height>
        <itemgap>0</itemgap>
        <orientation>vertical</orientation>
        <onleft>60</onleft>
        <onright>5</onright>
        <onup>6</onup>
        <ondown>6</ondown>
        <pagecontrol>60</pagecontrol>
        <scrolltime>0</scrolltime>
        <itemlayout width="1010" height="120">
          <control type="image">
            <posx>0</posx>
            <posy>0</posy>
            <width>1010</width>
            <height>120</height>
            <texture border="3">list/ListNF.png</texture>
          </control>
		  <control type="image" description="Thumb">
			<posx>12</posx>
			<posy>6</posy>
			<width>108</width>
			<height>108</height>
			<texture fallback="DefaultAddon.png">$INFO[Listitem.Icon]</texture>
			<bordertexture border="3">thumbs/ThumbBorder3.png</bordertexture>
            <bordersize>1</bordersize>
			<aspectratio>keep</aspectratio>
	   </control>
	   <control type="label">
            <posx>150</posx>
            <posy>0</posy>
            <width>800</width>
            <height>108</height>
            <label>$INFO[ListItem.Label]</label>
          </control>
		  <control type="label">
            <posx>990</posx>
            <posy>0</posy>
            <width>800</width>
            <height>50</height>
			<align>right</align>
			<textcolor>Grey</textcolor>
			<font>Label2</font>
            <info>ListItem.Label2</info>
          </control>
		  <control type="label">
            <posx>990</posx>
            <posy>60</posy>
            <width>740</width>
            <height>50</height>
			<align>right</align>
			<font>Label2</font>
			<textcolor>Grey</textcolor>
	        <label>$INFO[ListItem.Property(Addon.Creator),$LOCALIZE[21863]: ]</label>
          </control>
        </itemlayout>
        <focusedlayout width="1010" height="120">
          <control type="image">
            <visible>Control.HasFocus(6)</visible>
            <include>VisibleFadeEffect</include>
            <posx>0</posx>
            <posy>0</posy>
            <width>1010</width>
            <height>120</height>
            <texture border="2">buttons/ButtonFO.png</texture>
          </control>
		  <control type="image" description="Thumb">
			<posx>12</posx>
			<posy>6</posy>
			<width>108</width>
			<height>108</height>
			<texture fallback="DefaultAddon.png">$INFO[Listitem.Icon]</texture>
			<bordertexture border="3">thumbs/ThumbBorder3.png</bordertexture>
            <bordersize>1</bordersize>
			<aspectratio>keep</aspectratio>
	   </control>
	  <control type="label">
            <posx>150</posx>
            <posy>0</posy>
            <width>800</width>
            <height>108</height>
			<textcolor>White2</textcolor>
            <label>$INFO[ListItem.Label]</label>
          </control>
		  <control type="label">
            <posx>990</posx>
            <posy>0</posy>
            <width>800</width>
            <height>50</height>
			<align>right</align>
 			<textcolor>Grey2</textcolor>
			<shadowcolor>ShadowDark</shadowcolor>
			<font>Label2</font>
            <info>ListItem.Label2</info>
          </control>
		  <control type="label">
            <posx>990</posx>
            <posy>60</posy>
            <width>740</width>
            <height>50</height>
			<align>right</align>
			<font>Label2</font>
			<textcolor>Grey2</textcolor>
			<shadowcolor>ShadowDark</shadowcolor>
            <label>$INFO[ListItem.Property(Addon.Creator),$LOCALIZE[21863]: ]</label>
          </control>
          
        </focusedlayout>
      </control>
    </control>
	<control type="group" description="Group 3 Plain list">
      <control type="list" id="3">
        <posx>100</posx>
        <posy>60</posy>
        <width>810</width>
        <height>600</height>
        <itemgap>0</itemgap>
        <orientation>vertical</orientation>
        <onleft>60</onleft>
        <onright>5</onright>
        <onup>3</onup>
        <ondown>3</ondown>
        <pagecontrol>60</pagecontrol>
        <scrolltime>0</scrolltime>
        <itemlayout width="810" height="60">
          <control type="image">
            <posx>0</posx>
            <posy>0</posy>
            <width>810</width>
            <height>60</height>
            <texture border="3">list/ListNF.png</texture>
          </control>
		  <control type="label">
            <width>810</width>
            <height>60</height>
            <textoffsetx>30</textoffsetx>
			<info>ListItem.Label</info>
          </control>
        </itemlayout>
        <focusedlayout width="810" height="60">
          <control type="image">
            <visible>Control.HasFocus(3)</visible>
            <include>VisibleFadeEffect</include>
            <posx>0</posx>
            <posy>0</posy>
            <width>810</width>
            <height>60</height>
            <texture border="2">buttons/ButtonFO.png</texture>
          </control>
          <control type="label">
            <width>810</width>
            <height>60</height>
            <textoffsetx>30</textoffsetx>
			<info>ListItem.Label</info>
          </control>
        </focusedlayout>
      </control>
    </control>
    
    <control type="scrollbar" id="60">
      <posx>-18</posx>
      <posy>60</posy>
      <width>36</width>
      <height>600</height>
      <texturesliderbackground>-</texturesliderbackground>
      <texturesliderbar>-</texturesliderbar>
      <texturesliderbarfocus>-</texturesliderbarfocus>
      <textureslidernib border="18">OSD/ScrollbarNibNF.png</textureslidernib>
      <textureslidernibfocus border="18">OSD/ScrollbarNibFO.png</textureslidernibfocus>
      <showonepage>false</showonepage>
      <orientation>vertical</orientation>
      <onright>3</onright>
    </control>
    <control type="button" id="5" description="Manual Get more common button">
      <posx>1011</posx>
      <posy>540</posy>
      <width>254</width>
	  <onleft>3</onleft>
    </control>
	</control>
  </controls>
</window>
