﻿<?xml version="1.0" encoding="UTF-8"?>
<window>
  <defaultcontrol always="true">20</defaultcontrol>
  <backgroundcolor>0</backgroundcolor>
  <controls>
    <include>Settings_Art</include>
	<include>Time</include>
	<control type="image" description="Left panel">
      <include>OpenClose</include>
	  <posx>50</posx>
      <posy>90</posy>
      <width>900</width>
      <height>970</height>
      <texture border="66">dialogs/FileManagerPanel.png</texture>
    </control>
	<control type="image" description="Right panel">
      <include>OpenClose</include>
	  <posx>950r</posx>
      <posy>90</posy>
      <width>900</width>
      <height>970</height>
      <texture border="66">dialogs/FileManagerPanel.png</texture>
    </control>
    <control type="group" description="Content">
    <include>OpenClose</include>
	<control type="group" description="Left panel">
      <posx>75</posx>
      <posy>90</posy>
      <control type="label" id="101" description="Header Label">
        <posx>6</posx>
		<posy>24</posy>
        <width>860</width>
        <align>center</align>
        <haspath>true</haspath>
        <font>FManager</font>
		<textcolor>Orange</textcolor>
        <shadowcolor>-</shadowcolor>
      </control>
      <control type="panel" id="20" description="Left File List">
        <posx>0</posx>
        <posy>120</posy>
        <width>860</width>
        <height>660</height>
        <onleft>60</onleft>
        <onright>21</onright>
        <onup>20</onup>
        <ondown>20</ondown>
        <pagecontrol>60</pagecontrol>
        <itemlayout height="60" width="860">
          <control type="image">
            <width>860</width>
            <height>60</height>
            <texture border="3">list/ListNF.png</texture>
          </control>
          <control type="label">
            <posx>850</posx>
            <posy>0</posy>
            <height>60</height>
            <width>800</width>
            <align>right</align>
            <font>FManager2</font>
			<info>ListItem.Label2</info>
          </control>
		  <control type="label">
            <posx>10</posx>
            <posy>0</posy>
            <width>840</width>
            <height>60</height>
			<font>FManager</font>
            <info>ListItem.Label</info>
          </control>
          
        </itemlayout>
        <focusedlayout height="90" width="860">
          <control type="image">
            <width>860</width>
            <height>60</height>
            <texture border="2">buttons/ButtonFO.png</texture>
          </control>
          <control type="label">
            <posx>850</posx>
            <posy>0</posy>
            <height>60</height>
            <width>800</width>
            <align>right</align>
            <font>FManager2</font>
			<info>ListItem.Label2</info>
          </control>
		  <control type="label">
            <posx>10</posx>
            <posy>0</posy>
            <width>840</width>
            <height>60</height>
			<font>FManager</font>
            <info>ListItem.Label</info>
          </control>
        </focusedlayout>
      </control>
      <control type="label" id="12" description="Footer Label">
        <posx>6</posx>
        <posy>840</posy>
        <width>860</width>
		<font>FManager2</font>
        <align>left</align>
      </control>
	  <control type="scrollbar" id="60">
        <posx>-30</posx>
        <posy>0</posy>
        <width>36</width>
		<height>900</height>
        <texturesliderbackground>-</texturesliderbackground>
        <texturesliderbar>-</texturesliderbar>
        <texturesliderbarfocus>-</texturesliderbarfocus>
        <textureslidernib border="18">OSD/ScrollbarNibNF.png</textureslidernib>
        <textureslidernibfocus border="18">OSD/ScrollbarNibFO.png</textureslidernibfocus>
        <showonepage>true</showonepage>
        <orientation>vertical</orientation>
		<onright>20</onright>
     </control>
    </control>
    <control type="group" description="Right panel">
      <posx>984</posx>
      <posy>90</posy>
      <control type="label" id="102" description="Header Label">
        <posx>6</posx>
		<posy>24</posy>
        <width>860</width>
        <align>center</align>
        <haspath>true</haspath>
		<font>FManager</font>
        <textcolor>Orange</textcolor>
        <shadowcolor>-</shadowcolor>
      </control>
      <control type="panel" id="21" description="Right File List">
        <posx>0</posx>
        <posy>120</posy>
        <width>860</width>
        <height>660</height>
        <onleft>20</onleft>
        <onright>61</onright>
        <onup>21</onup>
        <ondown>21</ondown>
        <pagecontrol>61</pagecontrol>
        <itemlayout height="60" width="860">
          <control type="image">
            <width>860</width>
            <height>60</height>
            <texture border="3">list/ListNF.png</texture>
          </control>
          <control type="label">
            <posx>850</posx>
            <posy>0</posy>
            <height>60</height>
            <width>800</width>
            <align>right</align>
			<font>FManager2</font>
            <info>ListItem.Label2</info>
          </control>
		  <control type="label">
            <posx>10</posx>
            <posy>0</posy>
            <width>840</width>
            <height>60</height>
			<font>FManager</font>
            <info>ListItem.Label</info>
          </control>
          
        </itemlayout>
        <focusedlayout height="90" width="860">
          <control type="image">
            <width>860</width>
            <height>60</height>
            <texture border="2">buttons/ButtonFO.png</texture>
          </control>
          <control type="label">
            <posx>850</posx>
            <posy>0</posy>
            <height>60</height>
            <width>800</width>
            <align>right</align>
			<font>FManager2</font>
            <info>ListItem.Label2</info>
          </control>
		  <control type="label">
            <posx>10</posx>
            <posy>0</posy>
            <width>840</width>
            <height>60</height>
			<font>FManager</font>
            <info>ListItem.Label</info>
          </control>
        </focusedlayout>
      </control>
      <control type="label" id="13" description="Footer Label">
        <posx>860</posx>
        <posy>840</posy>
        <width>860</width>
		<font>FManager2</font>
        <align>right</align>
      </control>
	  <control type="scrollbar" id="61">
        <posx>857</posx>
        <posy>0</posy>
        <width>36</width>
		<height>900</height>
        <texturesliderbackground>-</texturesliderbackground>
        <texturesliderbar>-</texturesliderbar>
        <texturesliderbarfocus>-</texturesliderbarfocus>
        <textureslidernib border="18">OSD/ScrollbarNibNF.png</textureslidernib>
        <textureslidernibfocus border="18">OSD/ScrollbarNibFO.png</textureslidernibfocus>
        <showonepage>true</showonepage>
        <orientation>vertical</orientation>
		<onleft>21</onleft>
     </control>
    </control>
	</control>
  </controls>
</window>
