﻿<?xml version="1.0" encoding="UTF-8"?>
<fonts>
  <fontset id="Default" unicode="true" idloc="31390">
    <font>
      <name>MainMenu</name>
      <filename>BebasNeue.ttf</filename>
      <size>88</size>
    </font>
	<font>
      <name>MainMenuVerticalFO</name>
      <filename>BebasNeue.ttf</filename>
      <size>74</size>
    </font>
	<font>
      <name>MainMenuVertical</name>
      <filename>BebasNeue.ttf</filename>
      <size>48</size>
    </font>
	<font>
      <name>WeatherTitle</name>
      <filename>BebasNeue.ttf</filename>
      <size>45</size>
    </font>
    <font>
      <name>Logo</name>
      <filename>BebasNeue.ttf</filename>
      <size>60</size>
    </font>
	<font>
      <name>Volume</name>
      <filename>BebasNeue.ttf</filename>
      <size>42</size>
    </font>
	<font>
      <name>SysInfo</name>
      <filename>OpenSans-CondLight.ttf</filename>
      <size>27</size>
	  <style>Bold</style>
    </font>
	<font>
      <name>rss</name>
      <filename>UbuntuCaps.ttf</filename>
      <size>23</size>
    </font>
	<font>
      <name>info</name>
      <filename>UbuntuCaps.ttf</filename>
      <size>28</size>
    </font>
    <font>
      <name>Year</name>
      <filename>BebasNeue.ttf</filename>
      <size>32</size>
    </font>
    <font>
      <name>Slider</name>
      <filename>BebasNeue.ttf</filename>
      <size>32</size>
    </font>
    <font>
      <name>Episode</name>
      <filename>BebasNeue.ttf</filename>
      <size>24</size>
    </font>
    <font>
      <name>ItemCount</name>
      <filename>UbuntuCaps.ttf</filename>
      <size>22</size>
    </font>
    <font>
      <name>Sublist</name>
      <filename>UbuntuCaps.ttf</filename>
      <size>30</size>
    </font>
    <font>
      <name>MainLabel</name>
      <filename>UbuntuCaps.ttf</filename>
      <size>33</size>
    </font>
    <font>
      <name>MainLabelBig</name>
      <filename>UbuntuCaps.ttf</filename>
      <size>39</size>
      <style>bold</style>
    </font>
    <font>
      <name>MainLabelBigTitle</name>
      <filename>UbuntuCaps.ttf</filename>
      <size>44</size>
      <style>bold</style>
    </font>
    <font>
      <name>InfoTitle</name>
      <filename>UbuntuCaps.ttf</filename>
      <size>36</size>
      <style>bold</style>
    </font>
    <font>
      <name>ListDetails</name>
      <filename>UbuntuCaps.ttf</filename>
      <size>27</size>
    </font>
    <font>
      <name>Details</name>
      <filename>UbuntuCaps.ttf</filename>
      <size>30</size>
    </font>
    <font>
      <name>font13</name>
      <filename>Arial.ttf</filename>
      <size>24</size>
      <color>White</color>
    </font>
    <font>
      <name>size14</name>
      <filename>Default.ttf</filename>
      <style>bold</style>
      <size>21</size>
    </font>
    <font>
      <name>size15</name>
      <filename>Default.ttf</filename>
      <style>bold</style>
      <size>22</size>
    </font>
	<font>
      <name>size15</name>
      <filename>Arial.ttf</filename>
      <size>22</size>
    </font>
    <font>
      <name>size16</name>
      <filename>Default.ttf</filename>
      <style>bold</style>
      <size>24</size>
    </font>
    <font>
      <name>size17</name>
      <filename>Default.ttf</filename>
      <style>bold</style>
      <size>26</size>
    </font>
    <font>
      <name>size18</name>
      <filename>Default.ttf</filename>
      <style>bold</style>
      <size>27</size>
    </font>
    <font>
      <name>InfoPlot</name>
      <filename>Default.ttf</filename>
      <style>bold</style>
      <size>28</size>
      <linespacing>1.0</linespacing>
    </font>
    <font>
      <name>InfoPath</name>
      <filename>UbuntuCaps.ttf</filename>
      <size>22</size>
    </font>
    <font>
      <name>size19</name>
      <filename>Default.ttf</filename>
      <style>bold</style>
      <size>28</size>
    </font>
    <font>
      <name>size20</name>
      <filename>Default.ttf</filename>
      <style>bold</style>
      <size>30</size>
    </font>
    <font>
      <name>size22</name>
      <filename>UbuntuCaps.ttf</filename>
      <size>33</size>
    </font>
    <font>
      <name>ViewMenu</name>
      <filename>UbuntuCaps.ttf</filename>
      <size>30</size>
    </font>
    <font>
      <name>Label2</name>
      <filename>UbuntuCaps.ttf</filename>
      <size>28</size>
    </font>
    <font>
      <name>52Label2</name>
      <filename>UbuntuCaps.ttf</filename>
      <size>25</size>
    </font>
    <font>
      <name>52Title</name>
      <filename>UbuntuCaps.ttf</filename>
      <size>36</size>
    </font>
    <font>
      <name>FManager</name>
      <filename>Arial.ttf</filename>
      <size>26</size>
    </font>
    <font>
      <name>FManager2</name>
      <filename>Arial.ttf</filename>
      <size>22</size>
    </font>
    <font>
      <name>SetContent</name>
      <filename>UbuntuCaps.ttf</filename>
      <size>26</size>
    </font>
    <font>
      <name>size22B</name>
      <filename>UbuntuCaps.ttf</filename>
      <style>bold</style>
      <size>32</size>
    </font>
    <font>
      <name>Keyboard</name>
      <filename>UbuntuCondensed.ttf</filename>
      <size>36</size>
    </font>
    <font>
      <name>size23</name>
      <filename>Default.ttf</filename>
      <style>bold</style>
      <size>34</size>
    </font>
    <font>
      <name>size24</name>
      <filename>Default.ttf</filename>
      <style>bold</style>
      <size>36</size>
    </font>
    <font>
      <name>size24B</name>
      <filename>UbuntuCaps.ttf</filename>
      <size>36</size>
    </font>
    <font>
      <name>size25</name>
      <filename>Default.ttf</filename>
      <style>bold</style>
      <size>38</size>
    </font>
    <font>
      <name>size26</name>
      <filename>Default.ttf</filename>
      <style>bold</style>
      <size>39</size>
    </font>
    <font>
      <name>size26B</name>
      <filename>UbuntuCaps.ttf</filename>
      <size>39</size>
    </font>
    <font>
      <name>size28</name>
      <filename>Default.ttf</filename>
      <style>bold</style>
      <size>42</size>
    </font>
    <font>
      <name>size28B</name>
      <filename>UbuntuCaps.ttf</filename>
      <size>42</size>
      <style>bold</style>
    </font>
  </fontset>
</fonts>
