﻿<?xml version="1.0" encoding="UTF-8"?>
<window id="0">
  <allowoverlay>no</allowoverlay>
  <defaultcontrol always="true">300</defaultcontrol>
  <include>OpenClose</include>
  <onload condition="System.HasAddon(plugin.video.plexbmc) + Skin.HasSetting(plexbmc) + IsEmpty(Window.Property(plexbmc.0.title))">RunScript(plugin.video.plexbmc,skin,nocat)</onload>
  <onload condition="System.HasAddon(plugin.video.plexbmc) + Skin.HasSetting(plexbmc) + !Skin.HasSetting(Hide.RecentlyAdded)">RunScript(plugin.video.plexbmc,shelf)</onload>
  <onload condition="System.HasAddon(plugin.video.plexbmc) + Skin.HasSetting(plexbmc)">RunScript(plugin.video.plexbmc,channelShelf)</onload>
  <onload condition="Window.Previous(favourites) | IsEmpty(Window(Home).Property(favourite.1.path))">RunScript(script.favourites)</onload>
  <controls>
    <control type="multiimage">
      <visible>![Player.HasVideo + Skin.HasSetting(Show_Player)]</visible>
      <include>Dimensions_Fullscreen</include>
      <timeperimage>12000</timeperimage>
      <fadetime>400</fadetime>
      <imagepath background="true">$INFO[Container(300).ListItem.Icon]</imagepath>
      <randomize>true</randomize>
      <aspectratio aligny="top">scale</aspectratio>
    </control>
    <control type="visualisation">
      <visible>Player.HasAudio + Skin.HasSetting(Show_Player)</visible>
      <posx>0</posx>
      <posy>0</posy>
      <width>1920</width>
      <height>1080</height>
    </control>
    <control type="videowindow">
      <visible>Player.HasVideo + Skin.HasSetting(Show_Player)</visible>
      <posx>0</posx>
      <posy>0</posy>
      <width>1920</width>
      <height>1080</height>
    </control>
    <include condition="Skin.HasSetting(VerticalHome)">Vertical_Home_Layout</include>
    <control type="group" description="HORIZONTAL HOME">
      <visible>!Skin.HasSetting(VerticalHome)</visible>
      <control type="group">
        <animation effect="slide" easing="out" start="0,0" end="0,400" time="350" delay="0" center="120,350" reversible="false" condition="Window.Next(1112)">Conditional</animation>
        <posy>90</posy>
        <control type="group" description="Furniture">
          <control type="image" description="Top glass border">
            <animation effect="zoom" start="100,100" end="100,50" time="100" condition="true">Conditional</animation>
            <posx>0</posx>
            <posy>651</posy>
            <width>1920</width>
            <height>87</height>
            <texture border="0,0,0,12">home/NavbarGlass.png</texture>
          </control>
          <control type="image" description="Shelf BG">
            <visible>Skin.HasSetting(Shelf.Favourites) | Skin.HasSetting(Shelf.Addons) | !Skin.HasSetting(Hide.RecentlyAdded)</visible>
            <posx>760</posx>
            <posy>644</posy>
            <width>400</width>
            <height>50</height>
            <texture border="39,0,39,0">home/HomeTopNav2.png</texture>
          </control>
          <control type="button" description="Shelf label">
            <visible>Skin.HasSetting(Shelf.Favourites) | Skin.HasSetting(Shelf.Addons) | !Skin.HasSetting(Hide.RecentlyAdded)</visible>
            <posx>760</posx>
            <posy>644</posy>
            <width>400</width>
            <height>50</height>
            <textcolor>Grey</textcolor>
            <focusedcolor>Black</focusedcolor>
            <shadowcolor>Silver</shadowcolor>
            <align>center</align>
            <label>31976</label>
            <texturefocus></texturefocus>
            <texturenofocus></texturenofocus>
            <onclick>ActivateWindow(1112)</onclick>
          </control>
          <control type="image" description="Bottom glass border">
            <animation effect="zoom" start="100,100" end="100,50" time="100" condition="!IntegerGreaterThan(Container(9001).NumItems,0)">Conditional</animation>
            <posx>0</posx>
            <posy>787</posy>
            <width>1920</width>
            <height>87</height>
            <texture flipy="true" border="0,10,0,0">home/NavbarGlass2.png</texture>
          </control>
          <control type="image">
            <posx>0</posx>
            <posy>625</posy>
            <width>1920</width>
            <height>225</height>
            <texture flipy="true">home/HomeMenuBack3.png</texture>
          </control>
        </control>
        <control type="fixedlist" id="300" description="Main Bar">
          <animation effect="fade" time="200" start="100" end="25" reversible="true" condition="!Control.HasFocus(300)">Conditional</animation>
          <posx>-338</posx>
          <posy>689</posy>
          <width>3069</width>
          <height>225</height>
          <onleft>300</onleft>
          <onright>300</onright>
          <ondown>9001</ondown>
          <onup condition="Skin.HasSetting(Shelf.Favs) | Skin.HasSetting(Shelf.Addons) | !Skin.HasSetting(Hide.RecentlyAdded)">ActivateWindow(1112)</onup>
          <pagecontrol>-</pagecontrol>
          <scrolltime tween="quadratic" easing="out">300</scrolltime>
          <focusposition>2</focusposition>
          <movement>1</movement>
          <preloaditems>4</preloaditems>
          <orientation>horizontal</orientation>
          <itemlayout height="70" width="519">
            <control type="label">
              <posx>260</posx>
              <posy>0</posy>
              <width>519</width>
              <textcolor>Grey</textcolor>
              <shadowcolor>ShadowDark</shadowcolor>
              <height>70</height>
              <align>center</align>
              <aligny>top</aligny>
              <textoffsety>2</textoffsety>
              <label>$INFO[ListItem.Label]</label>
              <font>MainMenu</font>
            </control>
          </itemlayout>
          <focusedlayout height="70" width="519">
            <control type="label">
              <posx>260</posx>
              <posy>0</posy>
              <width>519</width>
              <textcolor>White2</textcolor>
              <shadowcolor>ShadowDark</shadowcolor>
              <height>70</height>
              <align>center</align>
              <aligny>top</aligny>
              <textoffsety>2</textoffsety>
              <label>$INFO[ListItem.Label]</label>
              <font>MainMenu</font>
            </control>
          </focusedlayout>
          <content>
            <item id="30">
              <visible>Skin.HasSetting(plexbmc) + !IsEmpty(Window(Home).Property(plexbmc.0.title))</visible>
              <label>$INFO[Window(Home).Property(plexbmc.0.title)]</label>
              <label2>$INFO[Window(Home).Property(plexbmc.0.subtitle)]</label2>
              <onclick>$INFO[Window(Home).Property(plexbmc.0.path)]</onclick>
              <thumb background="true">$INFO[Skin.String(Plexbmc.0.Background)]</thumb>
              <icon fallback="special://skin/backgrounds/default/default.jpg">$INFO[Window(Home).Property(plexbmc.0.art)]</icon>
              <property name="type">$INFO[Window(Home).Property(plexbmc.0.type)]</property>
              <property name="partial">$INFO[Window(Home).Property(plexbmc.0.partialpath)]</property>
              <property name="search">$INFO[Window(Home).Property(plexbmc.0.search)]</property>
              <property name="recent">$INFO[Window(Home).Property(plexbmc.0.recent)]</property>
              <property name="viewed">$INFO[Window(Home).Property(plexbmc.0.viewed)]</property>
              <property name="shared">$INFO[Window(Home).Property(plexbmc.0.shared)]</property>
              <property name="newest">$INFO[Window(Home).Property(plexbmc.0.released)]</property>
              <property name="ondeck">$INFO[Window(Home).Property(plexbmc.0.ondeck)]</property>
              <property name="album">$INFO[Window(Home).Property(plexbmc.0.album)]</property>
              <property name="year">$INFO[Window(Home).Property(plexbmc.0.year)]</property>
            </item>
            <item id="31">
              <visible>Skin.HasSetting(plexbmc) + !IsEmpty(Window(Home).Property(plexbmc.1.title))</visible>
              <label>$INFO[Window(Home).Property(plexbmc.1.title)]</label>
              <label2>$INFO[Window(Home).Property(plexbmc.1.subtitle)]</label2>
              <onclick>$INFO[Window(Home).Property(plexbmc.1.path)]</onclick>
              <thumb background="true">$INFO[Skin.String(Plexbmc.1.Background)]</thumb>
              <icon fallback="special://skin/backgrounds/default/default.jpg">$INFO[Window(Home).Property(plexbmc.1.art)]</icon>
              <property name="type">$INFO[Window(Home).Property(plexbmc.1.type)]</property>
              <property name="partial">$INFO[Window(Home).Property(plexbmc.1.partialpath)]</property>
              <property name="search">$INFO[Window(Home).Property(plexbmc.1.search)]</property>
              <property name="recent">$INFO[Window(Home).Property(plexbmc.1.recent)]</property>
              <property name="viewed">$INFO[Window(Home).Property(plexbmc.1.viewed)]</property>
              <property name="shared">$INFO[Window(Home).Property(plexbmc.1.shared)]</property>
              <property name="newest">$INFO[Window(Home).Property(plexbmc.1.released)]</property>
              <property name="ondeck">$INFO[Window(Home).Property(plexbmc.1.ondeck)]</property>
              <property name="album">$INFO[Window(Home).Property(plexbmc.1.album)]</property>
              <property name="year">$INFO[Window(Home).Property(plexbmc.1.year)]</property>
            </item>
            <item id="32">
              <visible>Skin.HasSetting(plexbmc) + !IsEmpty(Window(Home).Property(plexbmc.2.title))</visible>
              <label>$INFO[Window(Home).Property(plexbmc.2.title)]</label>
              <label2>$INFO[Window(Home).Property(plexbmc.2.subtitle)]</label2>
              <thumb background="true">$INFO[Skin.String(Plexbmc.2.Background)]</thumb>
              <icon fallback="special://skin/backgrounds/default/default.jpg">$INFO[Window(Home).Property(plexbmc.2.art)]</icon>
              <onclick>$INFO[Window(Home).Property(plexbmc.2.path)]</onclick>
              <property name="type">$INFO[Window(Home).Property(plexbmc.2.type)]</property>
              <property name="partial">$INFO[Window(Home).Property(plexbmc.2.partialpath)]</property>
              <property name="search">$INFO[Window(Home).Property(plexbmc.2.search)]</property>
              <property name="recent">$INFO[Window(Home).Property(plexbmc.2.recent)]</property>
              <property name="viewed">$INFO[Window(Home).Property(plexbmc.2.viewed)]</property>
              <property name="shared">$INFO[Window(Home).Property(plexbmc.2.shared)]</property>
              <property name="newest">$INFO[Window(Home).Property(plexbmc.2.released)]</property>
              <property name="ondeck">$INFO[Window(Home).Property(plexbmc.2.ondeck)]</property>
              <property name="album">$INFO[Window(Home).Property(plexbmc.2.album)]</property>
              <property name="year">$INFO[Window(Home).Property(plexbmc.2.year)]</property>
            </item>
            <item id="33">
              <visible>Skin.HasSetting(plexbmc) + !IsEmpty(Window(Home).Property(plexbmc.3.title))</visible>
              <label>$INFO[Window(Home).Property(plexbmc.3.title)]</label>
              <label2>$INFO[Window(Home).Property(plexbmc.3.subtitle)]</label2>
              <onclick>$INFO[Window(Home).Property(plexbmc.3.path)]</onclick>
              <thumb background="true">$INFO[Skin.String(Plexbmc.3.Background)]</thumb>
              <icon fallback="special://skin/backgrounds/default/default.jpg">$INFO[Window(Home).Property(plexbmc.3.art)]</icon>
              <property name="type">$INFO[Window(Home).Property(plexbmc.3.type)]</property>
              <property name="partial">$INFO[Window(Home).Property(plexbmc.3.partialpath)]</property>
              <property name="search">$INFO[Window(Home).Property(plexbmc.3.search)]</property>
              <property name="recent">$INFO[Window(Home).Property(plexbmc.3.recent)]</property>
              <property name="viewed">$INFO[Window(Home).Property(plexbmc.3.viewed)]</property>
              <property name="shared">$INFO[Window(Home).Property(plexbmc.3.shared)]</property>
              <property name="newest">$INFO[Window(Home).Property(plexbmc.3.released)]</property>
              <property name="ondeck">$INFO[Window(Home).Property(plexbmc.3.ondeck)]</property>
              <property name="album">$INFO[Window(Home).Property(plexbmc.3.album)]</property>
              <property name="year">$INFO[Window(Home).Property(plexbmc.3.year)]</property>
            </item>
            <item id="34">
              <visible>Skin.HasSetting(plexbmc) + !IsEmpty(Window(Home).Property(plexbmc.4.title))</visible>
              <label>$INFO[Window(Home).Property(plexbmc.4.title)]</label>
              <label2>$INFO[Window(Home).Property(plexbmc.4.subtitle)]</label2>
              <onclick>$INFO[Window(Home).Property(plexbmc.4.path)]</onclick>
              <thumb background="true">$INFO[Skin.String(Plexbmc.4.Background)]</thumb>
              <icon fallback="special://skin/backgrounds/default/default.jpg">$INFO[Window(Home).Property(plexbmc.4.art)]</icon>
              <property name="type">$INFO[Window(Home).Property(plexbmc.4.type)]</property>
              <property name="partial">$INFO[Window(Home).Property(plexbmc.4.partialpath)]</property>
              <property name="search">$INFO[Window(Home).Property(plexbmc.4.search)]</property>
              <property name="recent">$INFO[Window(Home).Property(plexbmc.4.recent)]</property>
              <property name="viewed">$INFO[Window(Home).Property(plexbmc.4.viewed)]</property>
              <property name="shared">$INFO[Window(Home).Property(plexbmc.4.shared)]</property>
              <property name="newest">$INFO[Window(Home).Property(plexbmc.4.released)]</property>
              <property name="ondeck">$INFO[Window(Home).Property(plexbmc.4.ondeck)]</property>
              <property name="album">$INFO[Window(Home).Property(plexbmc.4.album)]</property>
              <property name="year">$INFO[Window(Home).Property(plexbmc.4.year)]</property>
            </item>
            <item id="35">
              <visible>Skin.HasSetting(plexbmc) + !IsEmpty(Window(Home).Property(plexbmc.5.title))</visible>
              <label>$INFO[Window(Home).Property(plexbmc.5.title)]</label>
              <label2>$INFO[Window(Home).Property(plexbmc.5.subtitle)]</label2>
              <onclick>$INFO[Window(Home).Property(plexbmc.5.path)]</onclick>
              <thumb background="true">$INFO[Skin.String(Plexbmc.5.Background)]</thumb>
              <icon fallback="special://skin/backgrounds/default/default.jpg">$INFO[Window(Home).Property(plexbmc.5.art)]</icon>
              <property name="type">$INFO[Window(Home).Property(plexbmc.5.type)]</property>
              <property name="partial">$INFO[Window(Home).Property(plexbmc.5.partialpath)]</property>
              <property name="search">$INFO[Window(Home).Property(plexbmc.5.search)]</property>
              <property name="recent">$INFO[Window(Home).Property(plexbmc.5.recent)]</property>
              <property name="viewed">$INFO[Window(Home).Property(plexbmc.5.viewed)]</property>
              <property name="shared">$INFO[Window(Home).Property(plexbmc.5.shared)]</property>
              <property name="newest">$INFO[Window(Home).Property(plexbmc.5.released)]</property>
              <property name="ondeck">$INFO[Window(Home).Property(plexbmc.5.ondeck)]</property>
              <property name="album">$INFO[Window(Home).Property(plexbmc.5.album)]</property>
              <property name="year">$INFO[Window(Home).Property(plexbmc.5.year)]</property>
            </item>
            <item id="36">
              <visible>Skin.HasSetting(plexbmc) + !IsEmpty(Window(Home).Property(plexbmc.6.title))</visible>
              <label>$INFO[Window(Home).Property(plexbmc.6.title)]</label>
              <label2>$INFO[Window(Home).Property(plexbmc.6.subtitle)]</label2>
              <onclick>$INFO[Window(Home).Property(plexbmc.6.path)]</onclick>
              <thumb background="true">$INFO[Skin.String(Plexbmc.6.Background)]</thumb>
              <icon fallback="special://skin/backgrounds/default/default.jpg">$INFO[Window(Home).Property(plexbmc.6.art)]</icon>
              <property name="type">$INFO[Window(Home).Property(plexbmc.6.type)]</property>
              <property name="partial">$INFO[Window(Home).Property(plexbmc.6.partialpath)]</property>
              <property name="search">$INFO[Window(Home).Property(plexbmc.6.search)]</property>
              <property name="recent">$INFO[Window(Home).Property(plexbmc.6.recent)]</property>
              <property name="viewed">$INFO[Window(Home).Property(plexbmc.6.viewed)]</property>
              <property name="shared">$INFO[Window(Home).Property(plexbmc.6.shared)]</property>
              <property name="newest">$INFO[Window(Home).Property(plexbmc.6.released)]</property>
              <property name="ondeck">$INFO[Window(Home).Property(plexbmc.6.ondeck)]</property>
              <property name="album">$INFO[Window(Home).Property(plexbmc.6.album)]</property>
              <property name="year">$INFO[Window(Home).Property(plexbmc.6.year)]</property>
            </item>
            <item id="37">
              <visible>Skin.HasSetting(plexbmc) + !IsEmpty(Window(Home).Property(plexbmc.7.title))</visible>
              <label>$INFO[Window(Home).Property(plexbmc.7.title)]</label>
              <label2>$INFO[Window(Home).Property(plexbmc.7.subtitle)]</label2>
              <onclick>$INFO[Window(Home).Property(plexbmc.7.path)]</onclick>
              <thumb background="true">$INFO[Skin.String(Plexbmc.7.Background)]</thumb>
              <icon fallback="special://skin/backgrounds/default/default.jpg">$INFO[Window(Home).Property(plexbmc.7.art)]</icon>
              <property name="type">$INFO[Window(Home).Property(plexbmc.7.type)]</property>
              <property name="partial">$INFO[Window(Home).Property(plexbmc.7.partialpath)]</property>
              <property name="search">$INFO[Window(Home).Property(plexbmc.7.search)]</property>
              <property name="recent">$INFO[Window(Home).Property(plexbmc.7.recent)]</property>
              <property name="viewed">$INFO[Window(Home).Property(plexbmc.7.viewed)]</property>
              <property name="shared">$INFO[Window(Home).Property(plexbmc.7.shared)]</property>
              <property name="newest">$INFO[Window(Home).Property(plexbmc.7.released)]</property>
              <property name="ondeck">$INFO[Window(Home).Property(plexbmc.7.ondeck)]</property>
              <property name="album">$INFO[Window(Home).Property(plexbmc.7.album)]</property>
              <property name="year">$INFO[Window(Home).Property(plexbmc.7.year)]</property>
            </item>
            <item id="38">
              <visible>Skin.HasSetting(plexbmc) + !IsEmpty(Window(Home).Property(plexbmc.8.title))</visible>
              <label>$INFO[Window(Home).Property(plexbmc.8.title)]</label>
              <label2>$INFO[Window(Home).Property(plexbmc.8.subtitle)]</label2>
              <onclick>$INFO[Window(Home).Property(plexbmc.8.path)]</onclick>
              <thumb background="true">$INFO[Skin.String(Plexbmc.8.Background)]</thumb>
              <icon fallback="special://skin/backgrounds/default/default.jpg">$INFO[Window(Home).Property(plexbmc.8.art)]</icon>
              <property name="type">$INFO[Window(Home).Property(plexbmc.8.type)]</property>
              <property name="partial">$INFO[Window(Home).Property(plexbmc.8.partialpath)]</property>
              <property name="search">$INFO[Window(Home).Property(plexbmc.8.search)]</property>
              <property name="recent">$INFO[Window(Home).Property(plexbmc.8.recent)]</property>
              <property name="viewed">$INFO[Window(Home).Property(plexbmc.8.viewed)]</property>
              <property name="shared">$INFO[Window(Home).Property(plexbmc.8.shared)]</property>
              <property name="newest">$INFO[Window(Home).Property(plexbmc.8.released)]</property>
              <property name="ondeck">$INFO[Window(Home).Property(plexbmc.8.ondeck)]</property>
              <property name="album">$INFO[Window(Home).Property(plexbmc.8.album)]</property>
              <property name="year">$INFO[Window(Home).Property(plexbmc.8.year)]</property>
            </item>
            <item id="39">
              <visible>Skin.HasSetting(plexbmc) + !IsEmpty(Window(Home).Property(plexbmc.9.title))</visible>
              <label>$INFO[Window(Home).Property(plexbmc.9.title)]</label>
              <label2>$INFO[Window(Home).Property(plexbmc.9.subtitle)]</label2>
              <onclick>$INFO[Window(Home).Property(plexbmc.9.path)]</onclick>
              <thumb background="true">$INFO[Skin.String(Plexbmc.9.Background)]</thumb>
              <icon fallback="special://skin/backgrounds/default/default.jpg">$INFO[Window(Home).Property(plexbmc.9.art)]</icon>
              <property name="type">$INFO[Window(Home).Property(plexbmc.9.type)]</property>
              <property name="partial">$INFO[Window(Home).Property(plexbmc.9.partialpath)]</property>
              <property name="search">$INFO[Window(Home).Property(plexbmc.9.search)]</property>
              <property name="recent">$INFO[Window(Home).Property(plexbmc.9.recent)]</property>
              <property name="viewed">$INFO[Window(Home).Property(plexbmc.9.viewed)]</property>
              <property name="shared">$INFO[Window(Home).Property(plexbmc.9.shared)]</property>
              <property name="newest">$INFO[Window(Home).Property(plexbmc.9.released)]</property>
              <property name="ondeck">$INFO[Window(Home).Property(plexbmc.9.ondeck)]</property>
              <property name="album">$INFO[Window(Home).Property(plexbmc.9.album)]</property>
              <property name="year">$INFO[Window(Home).Property(plexbmc.9.year)]</property>
            </item>
            <item id="40">
              <visible>Skin.HasSetting(plexbmc) + !IsEmpty(Window(Home).Property(plexbmc.10.title))</visible>
              <label>$INFO[Window(Home).Property(plexbmc.10.title)]</label>
              <label2>$INFO[Window(Home).Property(plexbmc.10.subtitle)]</label2>
              <onclick>$INFO[Window(Home).Property(plexbmc.10.path)]</onclick>
              <thumb background="true">$INFO[Skin.String(Plexbmc.10.Background)]</thumb>
              <icon fallback="special://skin/backgrounds/default/default.jpg">$INFO[Window(Home).Property(plexbmc.10.art)]</icon>
              <property name="type">$INFO[Window(Home).Property(plexbmc.10.type)]</property>
              <property name="partial">$INFO[Window(Home).Property(plexbmc.10.partialpath)]</property>
              <property name="search">$INFO[Window(Home).Property(plexbmc.10.search)]</property>
              <property name="recent">$INFO[Window(Home).Property(plexbmc.10.recent)]</property>
              <property name="viewed">$INFO[Window(Home).Property(plexbmc.10.viewed)]</property>
              <property name="shared">$INFO[Window(Home).Property(plexbmc.10.shared)]</property>
              <property name="newest">$INFO[Window(Home).Property(plexbmc.10.released)]</property>
              <property name="ondeck">$INFO[Window(Home).Property(plexbmc.10.ondeck)]</property>
              <property name="album">$INFO[Window(Home).Property(plexbmc.10.album)]</property>
              <property name="year">$INFO[Window(Home).Property(plexbmc.10.year)]</property>
            </item>
            <item id="41">
              <visible>Skin.HasSetting(plexbmc) + !IsEmpty(Window(Home).Property(plexbmc.11.title))</visible>
              <label>$INFO[Window(Home).Property(plexbmc.11.title)]</label>
              <label2>$INFO[Window(Home).Property(plexbmc.11.subtitle)]</label2>
              <onclick>$INFO[Window(Home).Property(plexbmc.11.path)]</onclick>
              <thumb background="true">$INFO[Skin.String(Plexbmc.11.Background)]</thumb>
              <icon fallback="special://skin/backgrounds/default/default.jpg">$INFO[Window(Home).Property(plexbmc.11.art)]</icon>
              <property name="type">$INFO[Window(Home).Property(plexbmc.11.type)]</property>
              <property name="partial">$INFO[Window(Home).Property(plexbmc.11.partialpath)]</property>
              <property name="search">$INFO[Window(Home).Property(plexbmc.11.search)]</property>
              <property name="recent">$INFO[Window(Home).Property(plexbmc.11.recent)]</property>
              <property name="viewed">$INFO[Window(Home).Property(plexbmc.11.viewed)]</property>
              <property name="shared">$INFO[Window(Home).Property(plexbmc.11.shared)]</property>
              <property name="newest">$INFO[Window(Home).Property(plexbmc.11.released)]</property>
              <property name="ondeck">$INFO[Window(Home).Property(plexbmc.11.ondeck)]</property>
              <property name="album">$INFO[Window(Home).Property(plexbmc.11.album)]</property>
              <property name="year">$INFO[Window(Home).Property(plexbmc.11.year)]</property>
            </item>
            <item id="40">
              <visible>Skin.HasSetting(plexbmc) + !IsEmpty(Window(Home).Property(plexbmc.12.title))</visible>
              <label>$INFO[Window(Home).Property(plexbmc.12.title)]</label>
              <label2>$INFO[Window(Home).Property(plexbmc.12.subtitle)]</label2>
              <onclick>$INFO[Window(Home).Property(plexbmc.12.path)]</onclick>
              <thumb background="true">$INFO[Skin.String(Plexbmc.12.Background)]</thumb>
              <icon fallback="special://skin/backgrounds/default/default.jpg">$INFO[Window(Home).Property(plexbmc.12.art)]</icon>
              <property name="type">$INFO[Window(Home).Property(plexbmc.12.type)]</property>
              <property name="partial">$INFO[Window(Home).Property(plexbmc.12.partialpath)]</property>
              <property name="search">$INFO[Window(Home).Property(plexbmc.12.search)]</property>
              <property name="recent">$INFO[Window(Home).Property(plexbmc.12.recent)]</property>
              <property name="viewed">$INFO[Window(Home).Property(plexbmc.12.viewed)]</property>
              <property name="shared">$INFO[Window(Home).Property(plexbmc.12.shared)]</property>
              <property name="newest">$INFO[Window(Home).Property(plexbmc.12.released)]</property>
              <property name="ondeck">$INFO[Window(Home).Property(plexbmc.12.ondeck)]</property>
              <property name="album">$INFO[Window(Home).Property(plexbmc.12.album)]</property>
              <property name="year">$INFO[Window(Home).Property(plexbmc.12.year)]</property>
            </item>
            <item id="43">
              <visible>Skin.HasSetting(plexbmc) + !IsEmpty(Window(Home).Property(plexbmc.13.title))</visible>
              <label>$INFO[Window(Home).Property(plexbmc.13.title)]</label>
              <label2>$INFO[Window(Home).Property(plexbmc.13.subtitle)]</label2>
              <onclick>$INFO[Window(Home).Property(plexbmc.13.path)]</onclick>
              <thumb background="true">$INFO[Skin.String(Plexbmc.13.Background)]</thumb>
              <icon fallback="special://skin/backgrounds/default/default.jpg">$INFO[Window(Home).Property(plexbmc.13.art)]</icon>
              <property name="type">$INFO[Window(Home).Property(plexbmc.13.type)]</property>
              <property name="partial">$INFO[Window(Home).Property(plexbmc.13.partialpath)]</property>
              <property name="search">$INFO[Window(Home).Property(plexbmc.13.search)]</property>
              <property name="recent">$INFO[Window(Home).Property(plexbmc.13.recent)]</property>
              <property name="viewed">$INFO[Window(Home).Property(plexbmc.13.viewed)]</property>
              <property name="shared">$INFO[Window(Home).Property(plexbmc.13.shared)]</property>
              <property name="newest">$INFO[Window(Home).Property(plexbmc.13.released)]</property>
              <property name="ondeck">$INFO[Window(Home).Property(plexbmc.13.ondeck)]</property>
              <property name="album">$INFO[Window(Home).Property(plexbmc.13.album)]</property>
              <property name="year">$INFO[Window(Home).Property(plexbmc.13.year)]</property>
            </item>
            <item id="44">
              <visible>Skin.HasSetting(plexbmc) + !IsEmpty(Window(Home).Property(plexbmc.14.title))</visible>
              <label>$INFO[Window(Home).Property(plexbmc.14.title)]</label>
              <label2>$INFO[Window(Home).Property(plexbmc.14.subtitle)]</label2>
              <onclick>$INFO[Window(Home).Property(plexbmc.14.path)]</onclick>
              <thumb background="true">$INFO[Skin.String(Plexbmc.14.Background)]</thumb>
              <icon fallback="special://skin/backgrounds/default/default.jpg">$INFO[Window(Home).Property(plexbmc.14.art)]</icon>
              <property name="type">$INFO[Window(Home).Property(plexbmc.14.type)]</property>
              <property name="partial">$INFO[Window(Home).Property(plexbmc.14.partialpath)]</property>
              <property name="search">$INFO[Window(Home).Property(plexbmc.14.search)]</property>
              <property name="recent">$INFO[Window(Home).Property(plexbmc.14.recent)]</property>
              <property name="viewed">$INFO[Window(Home).Property(plexbmc.14.viewed)]</property>
              <property name="shared">$INFO[Window(Home).Property(plexbmc.14.shared)]</property>
              <property name="newest">$INFO[Window(Home).Property(plexbmc.14.released)]</property>
              <property name="ondeck">$INFO[Window(Home).Property(plexbmc.14.ondeck)]</property>
              <property name="album">$INFO[Window(Home).Property(plexbmc.14.album)]</property>
              <property name="year">$INFO[Window(Home).Property(plexbmc.14.year)]</property>
            </item>
            <item id="45">
              <visible>Skin.HasSetting(plexbmc) + !IsEmpty(Window(Home).Property(plexbmc.15.title))</visible>
              <label>$INFO[Window(Home).Property(plexbmc.15.title)]</label>
              <label2>$INFO[Window(Home).Property(plexbmc.15.subtitle)]</label2>
              <onclick>$INFO[Window(Home).Property(plexbmc.15.path)]</onclick>
              <thumb background="true">$INFO[Skin.String(Plexbmc.15.Background)]</thumb>
              <icon fallback="special://skin/backgrounds/default/default.jpg">$INFO[Window(Home).Property(plexbmc.15.art)]</icon>
              <property name="type">$INFO[Window(Home).Property(plexbmc.15.type)]</property>
              <property name="partial">$INFO[Window(Home).Property(plexbmc.15.partialpath)]</property>
              <property name="search">$INFO[Window(Home).Property(plexbmc.15.search)]</property>
              <property name="recent">$INFO[Window(Home).Property(plexbmc.15.recent)]</property>
              <property name="viewed">$INFO[Window(Home).Property(plexbmc.15.viewed)]</property>
              <property name="shared">$INFO[Window(Home).Property(plexbmc.15.shared)]</property>
              <property name="newest">$INFO[Window(Home).Property(plexbmc.15.released)]</property>
              <property name="ondeck">$INFO[Window(Home).Property(plexbmc.15.ondeck)]</property>
              <property name="album">$INFO[Window(Home).Property(plexbmc.15.album)]</property>
              <property name="year">$INFO[Window(Home).Property(plexbmc.15.year)]</property>
            </item>
            <item id="46">
              <visible>Skin.HasSetting(plexbmc) + !IsEmpty(Window(Home).Property(plexbmc.16.title))</visible>
              <label>$INFO[Window(Home).Property(plexbmc.16.title)]</label>
              <label2>$INFO[Window(Home).Property(plexbmc.16.subtitle)]</label2>
              <onclick>$INFO[Window(Home).Property(plexbmc.16.path)]</onclick>
              <thumb background="true">$INFO[Skin.String(Plexbmc.16.Background)]</thumb>
              <icon fallback="special://skin/backgrounds/default/default.jpg">$INFO[Window(Home).Property(plexbmc.16.art)]</icon>
              <property name="type">$INFO[Window(Home).Property(plexbmc.16.type)]</property>
              <property name="partial">$INFO[Window(Home).Property(plexbmc.16.partialpath)]</property>
              <property name="search">$INFO[Window(Home).Property(plexbmc.16.search)]</property>
              <property name="recent">$INFO[Window(Home).Property(plexbmc.16.recent)]</property>
              <property name="viewed">$INFO[Window(Home).Property(plexbmc.16.viewed)]</property>
              <property name="shared">$INFO[Window(Home).Property(plexbmc.16.shared)]</property>
              <property name="newest">$INFO[Window(Home).Property(plexbmc.16.released)]</property>
              <property name="ondeck">$INFO[Window(Home).Property(plexbmc.16.ondeck)]</property>
              <property name="album">$INFO[Window(Home).Property(plexbmc.16.album)]</property>
              <property name="year">$INFO[Window(Home).Property(plexbmc.16.year)]</property>
            </item>
            <item id="47">
              <visible>Skin.HasSetting(plexbmc) + !IsEmpty(Window(Home).Property(plexbmc.17.title))</visible>
              <label>$INFO[Window(Home).Property(plexbmc.17.title)]</label>
              <label2>$INFO[Window(Home).Property(plexbmc.17.subtitle)]</label2>
              <onclick>$INFO[Window(Home).Property(plexbmc.17.path)]</onclick>
              <thumb background="true">$INFO[Skin.String(Plexbmc.17.Background)]</thumb>
              <icon fallback="special://skin/backgrounds/default/default.jpg">$INFO[Window(Home).Property(plexbmc.17.art)]</icon>
              <property name="type">$INFO[Window(Home).Property(plexbmc.17.type)]</property>
              <property name="partial">$INFO[Window(Home).Property(plexbmc.17.partialpath)]</property>
              <property name="search">$INFO[Window(Home).Property(plexbmc.17.search)]</property>
              <property name="recent">$INFO[Window(Home).Property(plexbmc.17.recent)]</property>
              <property name="viewed">$INFO[Window(Home).Property(plexbmc.17.viewed)]</property>
              <property name="shared">$INFO[Window(Home).Property(plexbmc.17.shared)]</property>
              <property name="newest">$INFO[Window(Home).Property(plexbmc.17.released)]</property>
              <property name="ondeck">$INFO[Window(Home).Property(plexbmc.17.ondeck)]</property>
              <property name="album">$INFO[Window(Home).Property(plexbmc.17.album)]</property>
              <property name="year">$INFO[Window(Home).Property(plexbmc.17.year)]</property>
            </item>
            <item id="48">
              <visible>Skin.HasSetting(plexbmc) + !IsEmpty(Window(Home).Property(plexbmc.18.title))</visible>
              <label>$INFO[Window(Home).Property(plexbmc.18.title)]</label>
              <label2>$INFO[Window(Home).Property(plexbmc.18.subtitle)]</label2>
              <onclick>$INFO[Window(Home).Property(plexbmc.18.path)]</onclick>
              <thumb background="true">$INFO[Skin.String(Plexbmc.18.Background)]</thumb>
              <icon fallback="special://skin/backgrounds/default/default.jpg">$INFO[Window(Home).Property(plexbmc.18.art)]</icon>
              <property name="type">$INFO[Window(Home).Property(plexbmc.18.type)]</property>
              <property name="partial">$INFO[Window(Home).Property(plexbmc.18.partialpath)]</property>
              <property name="search">$INFO[Window(Home).Property(plexbmc.18.search)]</property>
              <property name="recent">$INFO[Window(Home).Property(plexbmc.18.recent)]</property>
              <property name="viewed">$INFO[Window(Home).Property(plexbmc.18.viewed)]</property>
              <property name="shared">$INFO[Window(Home).Property(plexbmc.18.shared)]</property>
              <property name="newest">$INFO[Window(Home).Property(plexbmc.18.released)]</property>
              <property name="ondeck">$INFO[Window(Home).Property(plexbmc.18.ondeck)]</property>
              <property name="album">$INFO[Window(Home).Property(plexbmc.18.album)]</property>
              <property name="year">$INFO[Window(Home).Property(plexbmc.18.year)]</property>
            </item>
            <item id="49">
              <visible>Skin.HasSetting(plexbmc) + !IsEmpty(Window(Home).Property(plexbmc.19.title))</visible>
              <label>$INFO[Window(Home).Property(plexbmc.19.title)]</label>
              <label2>$INFO[Window(Home).Property(plexbmc.19.subtitle)]</label2>
              <onclick>$INFO[Window(Home).Property(plexbmc.19.path)]</onclick>
              <thumb background="true">$INFO[Skin.String(Plexbmc.19.Background)]</thumb>
              <icon fallback="special://skin/backgrounds/default/default.jpg">$INFO[Window(Home).Property(plexbmc.19.art)]</icon>
              <property name="type">$INFO[Window(Home).Property(plexbmc.19.type)]</property>
              <property name="partial">$INFO[Window(Home).Property(plexbmc.19.partialpath)]</property>
              <property name="search">$INFO[Window(Home).Property(plexbmc.19.search)]</property>
              <property name="recent">$INFO[Window(Home).Property(plexbmc.19.recent)]</property>
              <property name="viewed">$INFO[Window(Home).Property(plexbmc.19.viewed)]</property>
              <property name="shared">$INFO[Window(Home).Property(plexbmc.19.shared)]</property>
              <property name="newest">$INFO[Window(Home).Property(plexbmc.19.released)]</property>
              <property name="ondeck">$INFO[Window(Home).Property(plexbmc.19.ondeck)]</property>
              <property name="album">$INFO[Window(Home).Property(plexbmc.19.album)]</property>
              <property name="year">$INFO[Window(Home).Property(plexbmc.19.year)]</property>
            </item>
            <item id="50" description="Channels">
              <visible>Skin.HasSetting(plexbmc)</visible>
              <label>Channels</label>
              <thumb>special://skin/backgrounds/Channels.jpg</thumb>
              <onclick>ActivateWindow(Videos,&quot;plugin://plugin.video.plexbmc/?mode=22&amp;url=http://online%2fsystem%2fplugins%2fall&quot;,return)</onclick>
            </item>
            <item id="49" description="Queue">
              <visible>Skin.HasSetting(plexbmc)</visible>
              <label>Queue</label>
              <thumb fallback="special://skin/backgrounds/Network.jpg">$INFO[Skin.String(Network.Background)]</thumb>
              <onclick>$INFO[Window(Home).Property(plexbmc.queue)]</onclick>
              <visible>!IsEmpty(Window(Home).Property(plexbmc.myplex))</visible>
            </item>
            <item id="21" description="Custom1">
              <visible>!IsEmpty(Skin.String(CustomHome.1.Path))</visible>
              <label>$INFO[Skin.String(CustomHome.1.Label)]</label>
              <thumb fallback="special://skin/backgrounds/default/default.jpg">$INFO[Skin.String(CustomHome.1.Background)]</thumb>
              <onclick>$INFO[Skin.String(CustomHome.1.Path)]</onclick>
            </item>
            <item id="1" description="Pictures">
              <visible>!Skin.HasSetting(plexbmc)</visible>
              <visible>!Skin.HasSetting(Pictures.Hide)</visible>
              <label>1</label>
              <thumb fallback="special://skin/backgrounds/Pictures.jpg">$INFO[Skin.String(Pictures.Background)]</thumb>
              <onclick>ActivateWindow(Pictures,root)</onclick>
            </item>
            <item id="22" description="Custom2">
              <visible>!IsEmpty(Skin.String(CustomHome.2.Path))</visible>
              <label>$INFO[Skin.String(CustomHome.2.Label)]</label>
              <thumb fallback="special://skin/backgrounds/default/default.jpg">$INFO[Skin.String(CustomHome.2.Background)]</thumb>
              <onclick>$INFO[Skin.String(CustomHome.2.Path)]</onclick>
            </item>
            <item id="2" description="Addons">
              <visible>!Skin.HasSetting(Addons.Hide)</visible>
              <label>24001</label>
              <thumb fallback="special://skin/backgrounds/Addons.jpg">$INFO[Skin.String(Addons.Background)]</thumb>
              <onclick>ActivateWindow(AddonBrowser,root)</onclick>
            </item>
            <item id="23" description="Custom3">
              <visible>!IsEmpty(Skin.String(CustomHome.3.Path))</visible>
              <label>$INFO[Skin.String(CustomHome.3.Label)]</label>
              <thumb fallback="special://skin/backgrounds/default/default.jpg">$INFO[Skin.String(CustomHome.3.Background)]</thumb>
              <onclick>$INFO[Skin.String(CustomHome.3.Path)]</onclick>
            </item>
            <item id="3" description="Videos">
              <visible>!Skin.HasSetting(plexbmc)</visible>
              <visible>!Skin.HasSetting(Videos.Hide)</visible>
              <label>3</label>
              <thumb fallback="special://skin/backgrounds/Videos.jpg">$INFO[Skin.String(Videos.Background)]</thumb>
              <onclick>ActivateWindow(Videos,root)</onclick>
            </item>
            <item id="24" description="Custom.4">
              <visible>!IsEmpty(Skin.String(CustomHome.4.Path))</visible>
              <label>$INFO[Skin.String(CustomHome.4.Label)]</label>
              <thumb fallback="special://skin/backgrounds/default/default.jpg">$INFO[Skin.String(CustomHome.4.Background)]</thumb>
              <onclick>$INFO[Skin.String(CustomHome.4.Path)]</onclick>
            </item>
            <item id="4" description="MyMovies">
              <visible>!Skin.HasSetting(plexbmc)</visible>
              <visible>!Skin.HasSetting(Movies.Hide) + Library.HasContent(Movies)</visible>
              <label>20342</label>
              <thumb fallback="special://skin/backgrounds/Movies.jpg">$INFO[Skin.String(Movies.Background)]</thumb>
              <onclick>ActivateWindow(VideoLibrary,MovieTitles,return)</onclick>
            </item>
            <item id="25" description="Custom.5">
              <visible>!IsEmpty(Skin.String(CustomHome.5.Path))</visible>
              <label>$INFO[Skin.String(CustomHome.5.Label)]</label>
              <thumb fallback="special://skin/backgrounds/default/default.jpg">$INFO[Skin.String(CustomHome.5.Background)]</thumb>
              <onclick>$INFO[Skin.String(CustomHome.5.Path)]</onclick>
            </item>
            <item id="5" description="MyTV">
              <visible>!Skin.HasSetting(plexbmc)</visible>
              <visible>!Skin.HasSetting(TVShows.Hide) + Library.HasContent(TVShows)</visible>
              <label>20343</label>
              <thumb fallback="special://skin/backgrounds/TVShows.jpg">$INFO[Skin.String(TVShows.Background)]</thumb>
              <onclick>ActivateWindow(VideoLibrary,TVShowTitles,return)</onclick>
            </item>
            <item id="26" description="Custom.6">
              <visible>!IsEmpty(Skin.String(CustomHome.6.Path))</visible>
              <label>$INFO[Skin.String(CustomHome.6.Label)]</label>
              <thumb fallback="special://skin/backgrounds/default/default.jpg">$INFO[Skin.String(CustomHome.6.Background)]</thumb>
              <onclick>$INFO[Skin.String(CustomHome.6.Path)]</onclick>
            </item>
            <item id="6" description="Music">
              <visible>!Skin.HasSetting(plexbmc)</visible>
              <visible>!Skin.HasSetting(Music.Hide)</visible>
              <label>2</label>
              <thumb fallback="special://skin/backgrounds/Music.jpg">$INFO[Skin.String(Music.Background)]</thumb>
              <onclick condition="Library.HasContent(Music)">ActivateWindow(MusicLibrary,root)</onclick>
              <onclick condition="!Library.HasContent(Music)">ActivateWindow(MusicFiles,root)</onclick>
            </item>
            <item id="27" description="Custom.7">
              <visible>!IsEmpty(Skin.String(CustomHome.7.Path))</visible>
              <label>$INFO[Skin.String(CustomHome.7.Label)]</label>
              <thumb fallback="special://skin/backgrounds/default/default.jpg">$INFO[Skin.String(CustomHome.7.Background)]</thumb>
              <onclick>$INFO[Skin.String(CustomHome.7.Path)]</onclick>
            </item>
            <item id="13" description="Clips">
              <visible>Skin.HasSetting(Clips.Show) + Library.HasContent(MusicVideos)</visible>
              <label>31972</label>
              <thumb fallback="special://skin/backgrounds/Clips.jpg">$INFO[Skin.String(Clips.Background)]</thumb>
              <onclick condition="Library.HasContent(music)">ActivateWindow(10501,&quot;videodb://3/&quot;)</onclick>
              <onclick condition="!Library.HasContent(music)">ActivateWindow(10502,&quot;videodb://3/&quot;)</onclick>
            </item>
            <item id="14" description="Concerts">
              <visible>Skin.HasSetting(Concerts.Show) + Library.HasContent(MusicVideos)</visible>
              <label>31971</label>
              <thumb fallback="special://skin/backgrounds/Concerts.jpg">$INFO[Skin.String(Concerts.Background)]</thumb>
              <onclick>ActivateWindow(VideoLibrary,MusicVideoTitles,return)</onclick>
            </item>
            <item id="28" description="Custom.8">
              <visible>!IsEmpty(Skin.String(CustomHome.8.Path))</visible>
              <label>$INFO[Skin.String(CustomHome.8.Label)]</label>
              <thumb fallback="special://skin/backgrounds/default/default.jpg">$INFO[Skin.String(CustomHome.8.Background)]</thumb>
              <onclick>$INFO[Skin.String(CustomHome.8.Path)]</onclick>
            </item>
            <item id="300" description="PVR">
              <visible>System.GetBool(pvrmanager.enabled)</visible>
              <label>PVR</label>
              <thumb fallback="special://skin/backgrounds/Pvr.jpg">$INFO[Skin.String(Pvr.Background)]</thumb>
              <onclick>ActivateWindowAndFocus(PVR)</onclick>
            </item>
            <item id="7" description="Favorites">
              <visible>!Skin.HasSetting(Favourites.Hide)</visible>
              <label>1036</label>
              <thumb fallback="special://skin/backgrounds/Favourites.jpg">$INFO[Skin.String(Favourites.Background)]</thumb>
              <onclick>ActivateWindow(Favourites)</onclick>
            </item>
            <item id="29" description="Custom.9">
              <visible>!IsEmpty(Skin.String(CustomHome.9.Path))</visible>
              <label>$INFO[Skin.String(CustomHome.9.Label)]</label>
              <thumb fallback="special://skin/backgrounds/default/default.jpg">$INFO[Skin.String(CustomHome.9.Background)]</thumb>
              <onclick>$INFO[Skin.String(CustomHome.9.Path)]</onclick>
            </item>
            <item id="8" description="DVD">
              <visible>!Skin.HasSetting(DVD.Hide)</visible>
              <label>427</label>
              <thumb fallback="special://skin/backgrounds/default/default.jpg">$INFO[Skin.String(DVD.Background)]</thumb>
              <onclick condition="System.HasMediaDvd">PlayDVD()</onclick>
              <onclick condition="!System.HasMediaDvd">Notification($LOCALIZE[164],$LOCALIZE[219],5,DefaultIconWarning.png)</onclick>
              <onclick condition="!System.HasMediaDvd">EjectTray()</onclick>
            </item>
            <item id="15" description="Weather">
              <visible>!Skin.HasSetting(Weather.Hide)</visible>
              <label>8</label>
              <thumb fallback="special://skin/backgrounds/Weather.jpg">$INFO[Skin.String(Weather.Background)]</thumb>
              <onclick>ActivateWindow(Weather)</onclick>
            </item>
            <item id="10" description="Settings">
              <visible>!Skin.HasSetting(Settings.Hide)</visible>
              <label>5</label>
              <thumb fallback="special://skin/backgrounds/Settings.jpg">$INFO[Skin.String(Settings.Background)]</thumb>
              <onclick>ActivateWindow(Settings)</onclick>
            </item>
            <item id="11" description="Quit">
              <visible>!Skin.HasSetting(Quit.Hide)</visible>
              <label fallback="13009">$VAR[QuitLabel2]</label>
              <thumb fallback="special://skin/backgrounds/Quit.jpg">$INFO[Skin.String(Quit.Background)]</thumb>
              <onclick>$VAR[QuitAction]</onclick>
            </item>
          </content>
        </control>
        <control type="fixedlist" id="9001" description="Submenu Bar">
          <animation effect="slide" start="0,0" end="-128,0" time="0" condition="StringCompare(Container(9001).NumItems,2) | StringCompare(Container(9001).NumItems,4) | StringCompare(Container(9001).NumItems,6)">conditional</animation>
          <animation effect="fade" time="200" start="100" end="100" reversible="true" condition="!Control.HasFocus(9001)">Conditional</animation>
          <include>VisibleFadeEffect</include>
          <posx>64</posx>
          <posy>782</posy>
          <height>50</height>
          <width>1792</width>
          <onleft>9001</onleft>
          <onright>9001</onright>
          <viewtype>list</viewtype>
          <orientation>horizontal</orientation>
          <focusposition>3</focusposition>
          <movement>3</movement>
          <scrolltime tween="quadratic" easing="out">300</scrolltime>
          <onup>300</onup>
          <onback>SetFocus(300)</onback>
          <itemlayout width="256" height="50">
            <control type="label">
              <posx>129</posx>
              <posy>1</posy>
              <height>50</height>
              <width>240</width>
              <align>center</align>
              <aligny>center</aligny>
              <font>Sublist</font>
              <scroll>false</scroll>
              <label>$INFO[ListItem.Label]</label>
              <textcolor>Black</textcolor>
              <shadowcolor>-</shadowcolor>
            </control>
            <control type="label">
              <posx>128</posx>
              <posy>0</posy>
              <height>50</height>
              <width>240</width>
              <align>center</align>
              <aligny>center</aligny>
              <font>Sublist</font>
              <scroll>false</scroll>
              <label>$INFO[ListItem.Label]</label>
              <textcolor>Sublist</textcolor>
              <shadowcolor>-</shadowcolor>
            </control>
          </itemlayout>
          <focusedlayout width="256" height="50">
            <control type="label">
              <posx>129</posx>
              <posy>1</posy>
              <height>50</height>
              <width>240</width>
              <align>center</align>
              <aligny>center</aligny>
              <font>Sublist</font>
              <label>$INFO[ListItem.Label]</label>
              <textcolor>Black</textcolor>
              <shadowcolor>-</shadowcolor>
            </control>
            <control type="label">
              <visible>!Control.HasFocus(9001)</visible>
              <posx>128</posx>
              <posy>0</posy>
              <height>50</height>
              <width>240</width>
              <align>center</align>
              <aligny>center</aligny>
              <font>Sublist</font>
              <label>$INFO[ListItem.Label]</label>
              <textcolor>Sublist</textcolor>
              <shadowcolor>-</shadowcolor>
            </control>
            <control type="label">
              <visible>Control.HasFocus(9001)</visible>
              <posx>128</posx>
              <posy>0</posy>
              <height>50</height>
              <width>240</width>
              <align>center</align>
              <aligny>center</aligny>
              <font>Sublist</font>
              <label>$INFO[ListItem.Label]</label>
              <textcolor>White2</textcolor>
              <shadowcolor>-</shadowcolor>
            </control>
          </focusedlayout>
          <content>
            <item id="1" description="DVD eject">
              <visible>Container(300).HasFocus(8)</visible>
              <label>13391</label>
              <onclick>EjectTray()</onclick>
            </item>
			<item id="2" description="Program apps">
              <visible>Container(300).HasFocus(2) + !Skin.HasSetting(Addons2)</visible>
              <label>0</label>
              <onclick>XBMC.ActivateWindow(Programs,Addons,return)</onclick>
            </item>
            <item id="3" description="Video apps">
              <visible>Container(300).HasFocus(2) + !Skin.HasSetting(Addons4)</visible>
              <label>157</label>
              <onclick>ActivateWindow(VideoLibrary,Addons,return)</onclick>
            </item>
            <item id="4" description="Music apps">
              <visible>Container(300).HasFocus(2) + !Skin.HasSetting(Addons5)</visible>
              <label>2</label>
              <onclick condition="Library.HasContent(Music)">ActivateWindow(MusicLibrary,Addons,return)</onclick>
              <onclick condition="!Library.HasContent(Music)">ActivateWindow(MusicFiles,Addons,return)</onclick>
            </item>
            <item id="5" description="Picture apps">
              <visible>Container(300).HasFocus(2) + !Skin.HasSetting(Addons3)</visible>
              <label>1</label>
              <onclick>XBMC.ActivateWindow(Pictures,Addons,return)</onclick>
            </item>
            <item id="6" description="MyTV">
              <visible>Container(300).HasFocus(5)</visible>
              <label>136</label>
              <onclick>ActivateWindow(Videos,playlists,return)</onclick>
            </item>
            <item id="7" description="RA TV">
              <visible>Container(300).HasFocus(5)</visible>
              <label>575</label>
              <onclick>ActivateWindow(Videos,&quot;library://video/inprogressshows.xml/&quot;,return)</onclick>
            </item>
            <item id="8" description="RA TV">
              <visible>Container(300).HasFocus(5)</visible>
              <label>31020</label>
              <onclick>ActivateWindow(VideoLibrary,RecentlyAddedEpisodes,return)</onclick>
            </item>
            <item id="9" description="Library">
              <visible>Container(300).HasFocus(5)</visible>
              <label>1024</label>
              <onclick>ActivateWindow(Videolibrary,root)</onclick>
            </item>
            <item id="10" description="Search">
              <visible>Container(300).HasFocus(5)</visible>
              <label>137</label>
              <onclick>ActivateWindow(VideoLibrary)</onclick>
              <onclick>SendClick(8)</onclick>
            </item>
            <item id="11" description="MyMovies">
              <visible>Container(300).HasFocus(4) + !Skin.HasSetting(Movies1)</visible>
              <label>136</label>
              <onclick>ActivateWindow(Videos,playlists,return)</onclick>
            </item>
            <item id="11" description="MyMovies">
              <visible>Container(300).HasFocus(4) + !Skin.HasSetting(Movies1)</visible>
              <label>135</label>
              <onclick>ActivateWindow(Videos,Moviegenres,return)</onclick>
            </item>
            <item id="12" description="RA Movies">
              <visible>Container(300).HasFocus(4) + !Skin.HasSetting(Movies2)</visible>
              <label>20434</label>
              <onclick>ActivateWindow(Videos,Moviesets,return)</onclick>
            </item>
            <item id="13" description="RA Movies">
              <visible>Container(300).HasFocus(4) + !Skin.HasSetting(Movies2)</visible>
              <label>31020</label>
              <onclick>ActivateWindow(Videos,RecentlyAddedMovies,return)</onclick>
            </item>
            <item id="14" description="RA Movies">
              <visible>Container(300).HasFocus(4) + !Skin.HasSetting(Movies2)</visible>
              <label>20459</label>
              <onclick>ActivateWindow(Videos,MovieTags,return)</onclick>
            </item>
            <item id="15" description="Library">
              <visible>Container(300).HasFocus(4) + !Skin.HasSetting(Movies4)</visible>
              <label>14022</label>
              <onclick>ActivateWindow(Videolibrary,root)</onclick>
            </item>
            <item id="16" description="Search">
              <visible>Container(300).HasFocus(4) + !Skin.HasSetting(Movies5)</visible>
              <label>137</label>
              <onclick>ActivateWindow(VideoLibrary)</onclick>
              <onclick>SendClick(8)</onclick>
            </item>
            <item id="17" description="Videos">
              <visible>Container(300).HasFocus(3)</visible>
              <label>136</label>
              <onclick>ActivateWindow(Videos,playlists,return)</onclick>
            </item>
            <item id="18" description="Music Videos">
              <visible>Container(300).HasFocus(3) + Library.HasContent(MusicVideos)</visible>
              <label>31971</label>
              <onclick>ActivateWindow(Videos,MusicVideoTitles,return)</onclick>
            </item>
            <item id="19" description="Files Videos">
              <visible>Container(300).HasFocus(3) + !Skin.HasSetting(Movies4)</visible>
              <label>744</label>
              <onclick>ActivateWindow(Videos,files,return)</onclick>
            </item>
            <item id="20" description="Search">
              <visible>Container(300).HasFocus(3) + !Skin.HasSetting(Movies5)</visible>
              <label>137</label>
              <onclick>ActivateWindow(VideoLibrary)</onclick>
              <onclick>SendClick(8)</onclick>
            </item>
            <item id="21" description="Music Videos">
              <visible>Container(300).HasFocus(6) + !Skin.HasSetting(Music2) + Library.HasContent(Music)</visible>
              <label>132</label>
              <onclick>ActivateWindow(MusicLibrary,Albums)</onclick>
            </item>
            <item id="22" description="Artists">
              <visible>Container(300).HasFocus(6) + !Skin.HasSetting(Music1) + Library.HasContent(Music)</visible>
              <label>133</label>
              <onclick>ActivateWindow(MusicLibrary,Artists)</onclick>
            </item>
            <item id="23" description="Top 100">
              <visible>Container(300).HasFocus(6) + !Skin.HasSetting(Music1) + Library.HasContent(Music)</visible>
              <label>271</label>
              <onclick>ActivateWindow(MusicLibrary,top100,return)</onclick>
            </item>
            <item id="23" description="Music Videos">
              <visible>Container(300).HasFocus(6) + Library.HasContent(MusicVideos)</visible>
              <label>31972</label>
              <onclick condition="Library.HasContent(music)">ActivateWindow(10501,&quot;videodb://3/&quot;)</onclick>
              <onclick condition="!Library.HasContent(music)">ActivateWindow(10502,&quot;videodb://3/&quot;)</onclick>
            </item>
            <item id="24" description="Recently added">
              <visible>Container(300).HasFocus(6) + !Skin.HasSetting(Music1) + Library.HasContent(Music)</visible>
              <label>31020</label>
              <onclick>ActivateWindow(MusicLibrary,recentlyaddedalbums,return)</onclick>
            </item>
            <item id="25" description="Files">
              <visible>Container(300).HasFocus(6) + !Skin.HasSetting(Music4)</visible>
              <label>744</label>
              <onclick>ActivateWindow(MusicFiles,root)</onclick>
            </item>
            <item id="26" description="Search">
              <visible>Container(300).HasFocus(6) + !Skin.HasSetting(Music5) + Library.HasContent(Music)</visible>
              <label>137</label>
              <onclick>ActivateWindow(MusicLibrary,root)</onclick>
              <onclick>SendClick(8)</onclick>
            </item>
            <item id="27" description="Master mode button">
              <visible>Container(300).HasFocus(8)</visible>
              <visible>System.HasLocks + System.IsMaster</visible>
              <label>12332</label>
              <onclick>xbmc.mastermode</onclick>
            </item>
            <item id="28" description="Master mode button">
              <visible>Container(300).HasFocus(8)</visible>
              <visible>System.HasLocks + !System.IsMaster</visible>
              <label>12333</label>
              <onclick>xbmc.mastermode</onclick>
            </item>
            <item id="29" description="Concerts artists">
              <visible>Container(300).HasFocus(14)</visible>
              <label>133</label>
              <onclick>ActivateWindow(Videos,MusicVideoArtists,return)</onclick>
            </item>
            <item id="29" description="Recent concerts">
              <visible>Container(300).HasFocus(14)</visible>
              <label>31020</label>
              <onclick>ActivateWindow(Videos,RecentlyAddedMusicVideos,return)</onclick>
            </item>
            <item id="29" description="Concerts genres">
              <visible>Container(300).HasFocus(14)</visible>
              <label>135</label>
              <onclick>ActivateWindow(Videos,MusicVideoGenres,return)</onclick>
            </item>
            <item id="30" description="Clips albums">
              <visible>Container(300).HasFocus(13)</visible>
              <label>132</label>
              <onclick condition="Library.HasContent(music)">ActivateWindow(10501,&quot;videodb://3/5&quot;)</onclick>
              <onclick condition="!Library.HasContent(music)">ActivateWindow(10502,&quot;videodb://3/5&quot;)</onclick>
            </item>
            <item id="30" description="Clips artists">
              <visible>Container(300).HasFocus(13)</visible>
              <label>133</label>
              <onclick condition="Library.HasContent(music)">ActivateWindow(10501,&quot;videodb://3/4&quot;)</onclick>
              <onclick condition="!Library.HasContent(music)">ActivateWindow(10502,&quot;videodb://3/4&quot;)</onclick>
            </item>
            <item id="30" description="Clips genres">
              <visible>Container(300).HasFocus(13)</visible>
              <label>135</label>
              <onclick condition="Library.HasContent(music)">ActivateWindow(10501,&quot;videodb://3/1&quot;)</onclick>
              <onclick condition="!Library.HasContent(music)">ActivateWindow(10502,&quot;videodb://3/1&quot;)</onclick>
            </item>
            <item id="51" description="Plexbmc Picture channels">
              <visible>Container(300).HasFocus(50)</visible>
              <label>1</label>
              <onclick>ActivateWindow(pictures,&quot;plugin://plugin.video.plexbmc/?url=http://photo&amp;mode=22&quot;,return)</onclick>
            </item>
            <item id="52" description="Plexbmc Video channels">
              <visible>Container(300).HasFocus(50)</visible>
              <label>157</label>
              <onclick>ActivateWindow(Videos,&quot;plugin://plugin.video.plexbmc/?url=http://video&amp;mode=22&quot;,return)</onclick>
            </item>
            <item id="53" description="Plexbmc Music channels">
              <visible>Container(300).HasFocus(50)</visible>
              <label>2</label>
              <onclick condition="!Library.HasContent(music)">ActivateWindow(MusicFiles,&quot;plugin://plugin.video.plexbmc/?url=http://music&amp;mode=22&quot;,return)</onclick>
              <onclick condition="Library.HasContent(music)">ActivateWindow(MusicLibrary,&quot;plugin://plugin.video.plexbmc/?url=http://music&amp;mode=22&quot;,return)</onclick>
            </item>
            <item id="54" description="PleXBMC Settings">
              <visible>System.HasAddon(plugin.video.plexbmc)</visible>
              <visible>Container(300).HasFocus(10)</visible>
              <label>PleXBMC settings</label>
              <onclick>XBMC.RunScript(plugin.video.plexbmc,setting)</onclick>
            </item>
            <item id="55" description="go PleXBMC">
              <visible>System.HasAddon(plugin.video.plexbmc) + !Skin.HasSetting(plexbmc)</visible>
              <visible>Container(300).HasFocus(10)</visible>
              <label>Go Plex</label>
              <onclick>Skin.ToggleSetting(plexbmc)</onclick>
              <onclick>XBMC.ReloadSkin()</onclick>
            </item>
            <item id="56" description="go XBMC">
              <visible>System.HasAddon(plugin.video.plexbmc) + Skin.HasSetting(plexbmc)</visible>
              <visible>Container(300).HasFocus(10)</visible>
              <label>Go XBMC</label>
              <onclick>Skin.ToggleSetting(plexbmc)</onclick>
              <onclick>XBMC.ReloadSkin()</onclick>
            </item>
            <item id="57" description="Refresh PleXBMC">
              <visible>System.HasAddon(plugin.video.plexbmc) + Skin.HasSetting(plexbmc)</visible>
              <visible>Container(300).HasFocus(10)</visible>
              <label>Refresh</label>
              <onclick>XBMC.RunScript(plugin.video.plexbmc,cacherefresh)</onclick>
            </item>
            <item id="58" description="PleXBMC: search">
              <visible>System.HasAddon(plugin.video.plexbmc) + Skin.HasSetting(plexbmc)</visible>
              <visible>Container(300).HasFocus(30) | Container(300).HasFocus(31) | Container(300).HasFocus(32) | Container(300).HasFocus(33) | Container(300).HasFocus(34) | Container(300).HasFocus(35) | Container(300).HasFocus(36) | Container(300).HasFocus(37) | Container(300).HasFocus(38) | Container(300).HasFocus(39) | Container(300).HasFocus(40)</visible>
              <visible>substring(Container(300).ListItem.Property(shared),false)</visible>
              <visible>!substring(Container(300).ListItem.Property(type),photo)</visible>
              <label>Search</label>
              <onclick>$INFO[Container(300).ListItem.Property(search)]</onclick>
            </item>
            <item id="59" description="PleXBMC: Recently viewed">
              <visible>System.HasAddon(plugin.video.plexbmc) + Skin.HasSetting(plexbmc)</visible>
              <visible>Container(300).HasFocus(30) | Container(300).HasFocus(31) | Container(300).HasFocus(32) | Container(300).HasFocus(33) | Container(300).HasFocus(34) | Container(300).HasFocus(35) | Container(300).HasFocus(36) | Container(300).HasFocus(37) | Container(300).HasFocus(38) | Container(300).HasFocus(39) | Container(300).HasFocus(40)</visible>
              <visible>substring(Container(300).ListItem.Property(shared),false)</visible>
              <visible>substring(Container(300).ListItem.Property(type),show) | substring(Container(300).ListItem.Property(type),movie)</visible>
              <label>Recently Viewed</label>
              <onclick>$INFO[Container(300).ListItem.Property(viewed)]</onclick>
            </item>
            <item id="60" description="PleXBMC: recently added">
              <visible>System.HasAddon(plugin.video.plexbmc) + Skin.HasSetting(plexbmc)</visible>
              <visible>Container(300).HasFocus(30) | Container(300).HasFocus(31) | Container(300).HasFocus(32) | Container(300).HasFocus(33) | Container(300).HasFocus(34) | Container(300).HasFocus(35) | Container(300).HasFocus(36) | Container(300).HasFocus(37) | Container(300).HasFocus(38) | Container(300).HasFocus(39) | Container(300).HasFocus(40)</visible>
              <visible>substring(Container(300).ListItem.Property(shared),false)</visible>
              <label>Recently Added</label>
              <onclick>$INFO[Container(300).ListItem.Property(recent)]</onclick>
            </item>
            <item id="61" description="PleXBMC: Recently released">
              <visible>System.HasAddon(plugin.video.plexbmc) + Skin.HasSetting(plexbmc)</visible>
              <visible>Container(300).HasFocus(30) | Container(300).HasFocus(31) | Container(300).HasFocus(32) | Container(300).HasFocus(33) | Container(300).HasFocus(34) | Container(300).HasFocus(35) | Container(300).HasFocus(36) | Container(300).HasFocus(37) | Container(300).HasFocus(38) | Container(300).HasFocus(39) | Container(300).HasFocus(40)</visible>
              <visible>substring(Container(300).ListItem.Property(shared),false)</visible>
              <visible>substring(Container(300).ListItem.Property(type),movie)</visible>
              <label>Recently Released</label>
              <onclick>$INFO[Container(300).ListItem.Property(newest)]</onclick>
            </item>
            <item id="61" description="PleXBMC: Recently Aired">
              <visible>System.HasAddon(plugin.video.plexbmc) + Skin.HasSetting(plexbmc)</visible>
              <visible>Container(300).HasFocus(30) | Container(300).HasFocus(31) | Container(300).HasFocus(32) | Container(300).HasFocus(33) | Container(300).HasFocus(34) | Container(300).HasFocus(35) | Container(300).HasFocus(36) | Container(300).HasFocus(37) | Container(300).HasFocus(38) | Container(300).HasFocus(39) | Container(300).HasFocus(40)</visible>
              <visible>substring(Container(300).ListItem.Property(shared),false)</visible>
              <visible>substring(Container(300).ListItem.Property(type),show)</visible>
              <label>Recently Aired</label>
              <onclick>$INFO[Container(300).ListItem.Property(newest)]</onclick>
            </item>
            <item id="62" description="PleXBMC: ondeck">
              <visible>System.HasAddon(plugin.video.plexbmc) + Skin.HasSetting(plexbmc)</visible>
              <visible>Container(300).HasFocus(30) | Container(300).HasFocus(31) | Container(300).HasFocus(32) | Container(300).HasFocus(33) | Container(300).HasFocus(34) | Container(300).HasFocus(35) | Container(300).HasFocus(36) | Container(300).HasFocus(37) | Container(300).HasFocus(38) | Container(300).HasFocus(39) | Container(300).HasFocus(40)</visible>
              <visible>substring(Container(300).ListItem.Property(shared),false)</visible>
              <visible>substring(Container(300).ListItem.Property(type),show) | substring(Container(300).ListItem.Property(type),movie)</visible>
              <label>On Deck</label>
              <onclick>$INFO[Container(300).ListItem.Property(ondeck)]</onclick>
            </item>
            <item id="63" description="PleXBMC: albums">
              <visible>System.HasAddon(plugin.video.plexbmc) + Skin.HasSetting(plexbmc)</visible>
              <visible>Container(300).HasFocus(30) | Container(300).HasFocus(31) | Container(300).HasFocus(32) | Container(300).HasFocus(33) | Container(300).HasFocus(34) | Container(300).HasFocus(35) | Container(300).HasFocus(36) | Container(300).HasFocus(37) | Container(300).HasFocus(38) | Container(300).HasFocus(39) | Container(300).HasFocus(40)</visible>
              <visible>substring(Container(300).ListItem.Property(shared),false)</visible>
              <visible>substring(Container(300).ListItem.Property(type),artist)</visible>
              <label>Albums</label>
              <onclick>$INFO[Container(300).ListItem.Property(album)]</onclick>
            </item>
            <item id="64" description="PleXBMC: by year">
              <visible>System.HasAddon(plugin.video.plexbmc) + Skin.HasSetting(plexbmc)</visible>
              <visible>Container(300).HasFocus(30) | Container(300).HasFocus(31) | Container(300).HasFocus(32) | Container(300).HasFocus(33) | Container(300).HasFocus(34) | Container(300).HasFocus(35) | Container(300).HasFocus(36) | Container(300).HasFocus(37) | Container(300).HasFocus(38) | Container(300).HasFocus(39) | Container(300).HasFocus(40)</visible>
              <visible>substring(Container(300).ListItem.Property(shared),false)</visible>
              <visible>substring(Container(300).ListItem.Property(type),photo)</visible>
              <label>Year</label>
              <onclick>$INFO[Container(300).ListItem.Property(year)]</onclick>
            </item>
          </content>
        </control>
      </control>
    </control>
    <control type="group" description="RSS">
      <visible>system.getbool(lookandfeel.enablerssfeeds)</visible>
      <control type="image">
		<visible>!Skin.HasSetting(VerticalHome)</visible>
        <posx>0</posx>
        <posy>990</posy>
        <width>590</width>
        <height>90</height>
        <texture flipx="true" border="100,0,0,0">common/TimePanel.png</texture>
      </control>
      <control type="rss" description="RSS Feed">
        <posx>21</posx>
        <posy>1044</posy>
        <width>480</width>
        <height>90</height>
        <font>rss</font>
        <urlset>1</urlset>
        <shadowcolor>ShadowDark</shadowcolor>
        <titlecolor>White2</titlecolor>
        <headlinecolor>White2</headlinecolor>
        <textcolor>Grey</textcolor>
      </control>
    </control>
    <include>Time</include>
    <control type="group" description="Library stats">
      <animation effect="slide" tween="cubic" easing="inout" start="0,0" end="0,120" time="240" condition="![[[Container(300).HasFocus(13) | Container(300).HasFocus(14)] + Library.HasContent(MusicVideos)] | Container(300).HasFocus(4) | Container(300).HasFocus(5) | [Container(300).HasFocus(6) + Library.HasContent(music)]]">Conditional</animation>
      <control type="image">
        <posx>810r</posx>
        <posy>990</posy>
        <width>810</width>
        <height>90</height>
        <texture border="100,0,0,0">common/TimePanel.png</texture>
      </control>
      <control type="label">
        <posx>729r</posx>
        <posy>1032</posy>
        <height>50</height>
        <width>700</width>
        <font>Sublist</font>
        <label>$VAR[LibraryStats]</label>
        <textcolor>Orange2</textcolor>
        <shadowcolor>ShadowDark</shadowcolor>
      </control>
    </control>
  </controls>
</window>
