<?xml version="1.0" encoding="UTF-8"?>
<includes>
  <include name="ShelfTopLabel">
    <posx>24</posx>
    <posy>51</posy>
    <height>40</height>
    <width>750</width>
    <align>left</align>
    <aligny>center</aligny>
    <font>ListDetails</font>
    <shadowcolor>Shadow</shadowcolor>
  </include>
  <include name="RA_Commons_Posters">
    <include>ListVisibleFade</include>
    <posx>60</posx>
    <posy>84</posy>
    <width>1860</width>
    <height>390</height>
    <orientation>horizontal</orientation>
    <scrolltime>400</scrolltime>
    <itemlayout height="380" width="257">
      <control type="image">
            <posx>21</posx>
            <posy>9</posy>
            <width>216</width>
            <height>315</height>
            <include>PosterThumbBG</include>
          </control>
          <control type="image">
            <posx>21</posx>
            <posy>9</posy>
            <width>216</width>
            <height>315</height>
            <include>PosterThumb</include>
          </control>
		  <control type="group">
			<visible>StringCompare(ListItem.Property(ItemType),$LOCALIZE[20387])</visible>
			<posy>264</posy>
			<control type="image">
              <posx>21</posx>
			  <posy>15</posy>
              <width>216</width>
              <height>39</height>
			  <texture>img/OverlayStripe.png</texture>
            </control>
			<control type="label">
              <posx>129</posx>
              <width>216</width>
              <height>70</height>
			  <font>Slider</font>
			  <align>center</align>
			  <shadowcolor>Black</shadowcolor>
			  <label>$INFO[ListItem.Property(SeasonEpisode)]</label>
            </control>
		</control>
    </itemlayout>
    <focusedlayout height="380" width="257">
      <control type="image">
            <posx>21</posx>
            <posy>9</posy>
            <width>216</width>
            <height>315</height>
            <include>PosterThumbFO</include>
          </control>
          <control type="image">
            <posx>21</posx>
            <posy>9</posy>
            <width>216</width>
            <height>315</height>
            <include>PosterThumb</include>
          </control>
		  <control type="group">
			<visible>StringCompare(ListItem.Property(ItemType),$LOCALIZE[20387])</visible>
			<posy>264</posy>
			<control type="image">
              <posx>21</posx>
			  <posy>15</posy>
              <width>216</width>
              <height>39</height>
			  <texture>img/OverlayStripe.png</texture>
            </control>
			<control type="label">
              <posx>129</posx>
              <width>216</width>
              <height>70</height>
			  <font>Slider</font>
			  <shadowcolor>Black</shadowcolor>
			  <align>center</align>
			  <label>$INFO[ListItem.Property(SeasonEpisode)]</label>
            </control>
		</control>
          <control type="label">
            <posx>128</posx>
            <posy>330</posy>
            <width>250</width>
            <height>40</height>
            <font>Details</font>
			<textcolor>Orange</textcolor>
            <align>center</align>
            <label>$INFO[ListItem.Label]</label>
          </control>
	
    </focusedlayout>
  </include>
  <include name="RA_Commons_Music">
    <include>ListVisibleFade</include>
    <posx>72</posx>
    <posy>84</posy>
    <width>1860</width>
    <height>390</height>
    <orientation>horizontal</orientation>
    <scrolltime>400</scrolltime>
    <itemlayout height="380" width="360">
      <control type="image">
            <posx>12</posx>
            <posy>12</posy>
            <width>303</width>
            <height>303</height>
			<include>SquareThumbBG</include>
          </control>
          <control type="image">
            <posx>12</posx>
            <posy>12</posy>
            <width>303</width>
            <height>303</height>
            <include>SquareThumb</include>
          </control>
    </itemlayout>
    <focusedlayout height="380" width="360">
        <control type="image">
            <posx>12</posx>
            <posy>12</posy>
            <width>303</width>
            <height>303</height>
			<include>SquareThumbFO</include>
          </control>
          <control type="image">
            <posx>12</posx>
            <posy>12</posy>
            <width>303</width>
            <height>303</height>
            <include>SquareThumb</include>
          </control>
          <control type="label">
            <posx>156</posx>
            <posy>321</posy>
            <width>340</width>
            <height>45</height>
            <textcolor>Orange</textcolor>
            <align>center</align>
            <label>$INFO[ListItem.Label]</label>
          </control>
    </focusedlayout>
  </include>
  <!--VERTICAL LAYOUT RA-->
  <include name="RecentlyAdded_Header">
    <posx>30r</posx>
    <align>right</align>
    <posx>594</posx>
    <posy>309</posy>
    <height>45</height>
    <width>400</width>
	<textcolor>Orange</textcolor>
    <font>ListDetails</font>
  </include>
  <include name="RecentlyAdded_Label">
    <posx>600</posx>
    <posy>309</posy>
    <height>45</height>
    <width>870</width>
    <align>left</align>
    <font>ListDetails</font>
  </include>
  <include name="RecentlyAdded_Posters">
    <posx>580</posx>
    <posy>360</posy>
    <width>1300</width>
    <height>420</height>
    <onleft>300</onleft>
    <onback>300</onback>
    <orientation>horizontal</orientation>
    <itemlayout height="420" width="260">
      <control type="image">
        <posx>20</posx>
        <posy>22</posy>
        <width>216</width>
        <height>315</height>
        <include>PosterThumbBG</include>
      </control>
      <control type="image">
        <posx>20</posx>
        <posy>22</posy>
        <width>216</width>
        <height>315</height>
        <include>PosterThumb</include>
      </control>
    </itemlayout>
    <focusedlayout height="420" width="260">
      <control type="image">
        <posx>20</posx>
        <posy>22</posy>
        <width>216</width>
        <height>315</height>
        <include>PosterThumbFO</include>
      </control>
      <control type="image">
        <posx>20</posx>
        <posy>22</posy>
        <width>216</width>
        <height>315</height>
        <include>PosterThumb</include>
      </control>
    </focusedlayout>
  </include>
  <include name="RecentlyAdded_Episodes">
    <posx>580</posx>
    <posy>360</posy>
    <width>1300</width>
    <height>420</height>
    <onleft>300</onleft>
    <onback>300</onback>
    <orientation>horizontal</orientation>
    <itemlayout height="420" width="260">
      <control type="image">
        <posx>20</posx>
        <posy>22</posy>
        <width>216</width>
        <height>315</height>
        <include>PosterThumbBG</include>
      </control>
      <control type="image">
        <posx>20</posx>
        <posy>22</posy>
        <width>216</width>
        <height>315</height>
        <include>PosterThumb</include>
      </control>
	  <control type="group">
              <posy>264</posy>
              <control type="image">
                <posx>21</posx>
                <posy>12</posy>
                <width>213</width>
                <height>44</height>
                <texture>img/OverlayStripe.png</texture>
              </control>
              <control type="label">
                <posx>128</posx>
                <width>217</width>
                <height>70</height>
                <font>Slider</font>
				<align>center</align>
                <textcolor>White2</textcolor>
                <label>$INFO[ListItem.Property(SeasonEpisode)]</label>
              </control>
            </control>
    </itemlayout>
    <focusedlayout height="420" width="260">
      <control type="image">
        <posx>20</posx>
        <posy>22</posy>
        <width>216</width>
        <height>315</height>
        <include>PosterThumbFO</include>
      </control>
      <control type="image">
        <posx>20</posx>
        <posy>22</posy>
        <width>216</width>
        <height>315</height>
        <include>PosterThumb</include>
      </control>
	  <control type="group">
              <posy>264</posy>
              <control type="image">
                <posx>21</posx>
                <posy>12</posy>
                <width>213</width>
                <height>44</height>
                <texture>img/OverlayStripe.png</texture>
              </control>
              <control type="label">
                <posx>128</posx>
                <width>217</width>
                <height>70</height>
                <font>Slider</font>
				<align>center</align>
                <textcolor>White2</textcolor>
                <label>$INFO[ListItem.Property(SeasonEpisode)]</label>
              </control>
            </control>
    </focusedlayout>
  </include>
  <include name="RecentlyAdded_Albums">
    <posx>580</posx>
    <posy>360</posy>
    <width>1300</width>
    <height>420</height>
    <onleft>300</onleft>
    <onback>300</onback>
    <orientation>horizontal</orientation>
    <itemlayout height="420" width="260">
          <control type="image">
            <posx>15</posx>
            <posy>21</posy>
            <width>230</width>
            <height>230</height>
            <bordersize>-12</bordersize>
            <include>SquareThumbBG</include>
          </control>
          <control type="image">
            <posx>15</posx>
            <posy>21</posy>
            <width>230</width>
            <height>230</height>
            <include>SquareThumb</include>
          </control>
		  <control type="image">
            <posx>15</posx>
            <posy>273</posy>
            <width>230</width>
            <height>66</height>
            <texture border="8">img/WhiteRoundedT.png</texture>
          </control>
          <control type="label">
            <posx>130</posx>
            <posy>270</posy>
            <width>222</width>
            <height>45</height>
            <align>center</align>
            <font>ItemCount</font>
            <scroll>false</scroll>
            <label>$INFO[ListItem.Label]</label>
          </control>
          <control type="label">
            <posx>130</posx>
            <posy>300</posy>
            <width>222</width>
            <height>45</height>
            <align>center</align>
            <font>ItemCount</font>
            <scroll>false</scroll>
            <label>$INFO[ListItem.Label2]</label>
          </control>
        </itemlayout>
        <focusedlayout height="420" width="260">
          <control type="image">
            <posx>15</posx>
            <posy>21</posy>
            <width>230</width>
            <height>230</height>
            <bordersize>-12</bordersize>
            <include>SquareThumbFO</include>
          </control>
          <control type="image">
            <posx>15</posx>
            <posy>21</posy>
            <width>230</width>
            <height>230</height>
            <include>SquareThumb</include>
          </control>
          <control type="image">
            <posx>15</posx>
            <posy>273</posy>
            <width>230</width>
            <height>66</height>
            <texture border="8">img/WhiteRoundedT.png</texture>
          </control>
          <control type="label">
            <posx>130</posx>
            <posy>270</posy>
            <width>222</width>
            <height>45</height>
            <align>center</align>
            <font>ItemCount</font>
            <textcolor>Orange</textcolor>
            <label>$INFO[ListItem.Label]</label>
          </control>
          <control type="label">
            <posx>130</posx>
            <posy>300</posy>
            <width>222</width>
            <height>45</height>
            <align>center</align>
            <font>ItemCount</font>
            <textcolor>Orange</textcolor>
            <label>$INFO[ListItem.Label2]</label>
          </control>
        </focusedlayout>
  </include>
  <include name="RecentlyAdded_Addons">
    <posx>580</posx>
    <posy>360</posy>
    <width>1300</width>
    <height>420</height>
    <onleft>300</onleft>
    <onback>300</onback>
    <orientation>horizontal</orientation>
     <itemlayout height="420" width="260">
          <control type="image">
            <posx>15</posx>
            <posy>22</posy>
            <width>230</width>
            <height>230</height>
            <bordersize>-12</bordersize>
            <include>SquareThumbBG</include>
          </control>
          <control type="image">
            <posx>15</posx>
            <posy>22</posy>
            <width>230</width>
            <height>230</height>
            <include>SquareThumb</include>
          </control>
		  <control type="image">
            <posx>15</posx>
            <posy>290</posy>
            <width>230</width>
            <height>50</height>
            <texture border="8">img/WhiteRoundedT.png</texture>
          </control>
          <control type="label">
            <posx>130</posx>
            <posy>294</posy>
            <width>222</width>
            <height>45</height>
            <align>center</align>
            <font>ItemCount</font>
            <scroll>false</scroll>
            <label>$INFO[ListItem.Label]</label>
          </control>
        </itemlayout>
        <focusedlayout height="420" width="260">
          <control type="image">
            <posx>15</posx>
            <posy>22</posy>
            <width>230</width>
            <height>230</height>
            <bordersize>-12</bordersize>
            <include>SquareThumbFO</include>
          </control>
          <control type="image">
            <posx>15</posx>
            <posy>22</posy>
            <width>230</width>
            <height>230</height>
            <include>SquareThumb</include>
          </control>
		  <control type="image">
            <posx>15</posx>
            <posy>290</posy>
            <width>230</width>
            <height>50</height>
            <texture border="8">img/WhiteRoundedT.png</texture>
          </control>
          <control type="label">
            <posx>130</posx>
            <posy>294</posy>
            <width>222</width>
            <height>45</height>
            <align>center</align>
            <font>ItemCount</font>
            <textcolor>Orange</textcolor>
            <label>$INFO[ListItem.Label]</label>
          </control>
        </focusedlayout>
  </include>
 </includes>
