﻿<?xml version="1.0" encoding="UTF-8"?>
<includes>
  <!--
	  CUSTOM WINDOWS LIST
		_Shelf 1112
		_MenuCustomizer 1116
		_ShelfCustomizer 1117
		_Custom_Debug 50 dialog
		
	-->
  <include file="Includes_Variables.xml" />
  <include file="Defaults.xml" />
  <include file="Includes_HomeWindow.xml" />
  <include file="Includes_Shelf.xml" />
  <include file="View_50.xml" />
  <include file="View_51_Panel.xml" />
  <include file="View_52_BigList.xml" />
  <include file="View_53_Grid.xml" />
  <include file="View_54_LowList.xml" />
  <include file="View_55_BigPanel.xml" />
  <include file="View_56_BannerList.xml" />
  <include file="View_57_58_59_Showcase.xml" />
  <include file="View_PVR.xml" />
  <include name="VisibleFadeEffect">
    <animation effect="fade" time="200">Visible</animation>
    <animation effect="fade" time="200">Hidden</animation>
  </include>
  <include name="VisibleFadeEffectDelay">
    <animation effect="fade" time="300" delay="100">Visible</animation>
    <animation effect="fade" time="0">Hidden</animation>
  </include>
  <include name="OpenClose">
    <animation effect="fade" time="250">WindowOpen</animation>
    <animation effect="fade" time="250">WindowClose</animation>
  </include>
  <include name="DialogOpenClose">
    <animation type="WindowOpen">
      <effect type="fade" start="0" end="100" time="240" />
      <effect type="zoom" tween="cubic" easing="out" start="30" end="100" center="960,540" time="240" />
    </animation>
    <animation type="WindowClose">
      <effect type="fade" start="100" end="0" time="140" />
      <effect type="zoom" tween="cubic" easing="in" start="100" end="30" center="960,540" time="140" />
    </animation>
  </include>
  <include name="DialogOpenCloseVisible">
    <animation type="Visible">
      <effect type="fade" start="0" end="100" time="240" />
      <effect type="zoom" tween="cubic" easing="out" start="30" end="100" center="960,340" time="240" />
    </animation>
    <animation type="Hidden">
      <effect type="fade" start="100" end="0" time="140" />
      <effect type="zoom" tween="cubic" easing="in" start="100" end="30" center="960,340" time="140" />
    </animation>
  </include>
  <include name="WeatherAni0">
    <animation type="WindowOpen">
      <effect type="fade" start="80" end="100" time="200"/>
    </animation>
    <animation type="WindowClose">
      <effect type="fade" start="100" end="0" time="100"/>
    </animation>
  </include>
  <include name="WeatherAni1">
    <animation type="WindowOpen">
      <effect type="fade" start="80" end="100" time="200" delay="150"/>
    </animation>
    <animation type="WindowClose">
      <effect type="fade" start="100" end="0" time="100" delay="150"/>
    </animation>
  </include>
  <include name="WeatherAni2">
    <animation type="WindowOpen">
      <effect type="fade" start="80" end="100" time="200" delay="300"/>
    </animation>
    <animation type="WindowClose">
      <effect type="fade" start="100" end="0" time="100" delay="300"/>
    </animation>
  </include>
  <include name="WeatherAni3">
    <animation type="WindowOpen">
      <effect type="fade" start="80" end="100" time="200" delay="450"/>
    </animation>
    <animation type="WindowClose">
      <effect type="fade" start="100" end="0" time="100" delay="450"/>
    </animation>
  </include>
  <include name="Icon_Fade">
    <fadetime>200</fadetime>
    <animation effect="fade" time="200">Visible</animation>
    <animation effect="fade" time="100">Hidden</animation>
  </include>
  <include name="HiddenButton">
    <posx>-30</posx>
    <posy>-30</posy>
    <width>1</width>
    <height>1</height>
    <label>-</label>
    <texturenofocus>-</texturenofocus>
    <texturefocus>-</texturefocus>
  </include>
  <include name="DimBG">
    <control type="image">
      <posx>0</posx>
      <posy>0</posy>
      <width>1920</width>
      <height>1080</height>
      <texture>common/DimBG.png</texture>
    </control>
  </include>
  <include name="Dimensions_Fullscreen">
    <posx>0</posx>
    <posy>0</posy>
    <width>1920</width>
    <height>1080</height>
  </include>
  <include name="Panel_Size">
    <posx>36</posx>
    <posy>54</posy>
    <width>1849</width>
    <height>1010</height>
  </include>
  <include name="Time">
    <control type="group">
      <visible>![[Control.IsVisible(58) + Skin.HasSetting(Music_Info)] | [Control.IsVisible(57) + Skin.HasSetting(Episodes_Info)] | [Control.IsVisible(59) + Skin.HasSetting(Posters_Info)]]</visible>
	  <control type="image">
        <visible>![Window.IsActive(home) | Window.IsActive(weather)]</visible>
        <include>VisibleFadeEffect</include>
		<posx>0</posx>
        <posy>0</posy>
        <width>1920</width>
        <height>50</height>
        <texture>common/TopStripe.png</texture>
      </control>
      <control type="image">
        <visible>!Player.HasMedia + [Window.IsActive(home) | Window.IsActive(weather)]</visible>
        <include>VisibleFadeEffect</include>
		<posx>510r</posx>
        <posy>0</posy>
        <width>510</width>
        <height>90</height>
        <texture border="100,0,0,0" flipy="true">common/TimePanel.png</texture>
      </control>
      <control type="image">
       <visible>Player.HasMedia + [Window.IsActive(home) | Window.IsActive(weather)]</visible>
        <include>VisibleFadeEffect</include>
		<posx>-100</posx>
        <posy>0</posy>
        <width>2020</width>
        <height>90</height>
        <texture border="100,0,0,0" flipy="true">common/TimePanel.png</texture>
      </control>
      <control type="label">
        <visible>!Player.HasMedia</visible>
        <include>VisibleFadeEffect</include>
		<posx>30</posx>
        <posy>0</posy>
        <width>1200</width>
        <height>35</height>
        <font>Details</font>
        <label>$VAR[GlobalHeadings]</label>
      </control>
      <control type="group">
        <visible>Player.HasMedia</visible>
        <include>VisibleFadeEffect</include>
		<control type="image" description="Speaker">
          <visible>Player.HasAudio</visible>
          <posx>12</posx>
          <posy>6</posy>
          <width>30</width>
          <height>27</height>
          <aspectratio>keep</aspectratio>
          <texture>img/NowPlayingFO.png</texture>
          <colordiffuse>Orange</colordiffuse>
        </control>
        <control type="image" description="Camera">
          <visible>Player.HasVideo</visible>
          <posx>12</posx>
          <posy>6</posy>
          <width>30</width>
          <height>27</height>
          <aspectratio>keep</aspectratio>
          <texture>img/NowPlayingVideoFO.png</texture>
          <colordiffuse>Orange</colordiffuse>
        </control>
        <control type="label">
          <visible>Player.HasAudio</visible>
          <include>VisibleFadeEffect</include>
		  <posx>60</posx>
          <posy>0</posy>
          <width>1200</width>
          <height>35</height>
          <font>Details</font>
          <label>$INFO[MusicPlayer.Artist,,[COLOR=Orange]  •  [/COLOR]]$INFO[MusicPlayer.Title,,[COLOR=Orange]  •  [/COLOR]][COLOR=Grey3]$INFO[MusicPlayer.Time]$INFO[MusicPlayer.Duration, - ][/COLOR]</label>
        </control>
        <control type="label">
          <visible>Player.HasVideo</visible>
          <include>VisibleFadeEffect</include>
		  <posx>60</posx>
          <posy>0</posy>
          <width>1200</width>
          <height>35</height>
          <font>Details</font>
          <label>$INFO[VideoPlayer.TVShowTitle,,[COLOR=Orange]  •  [/COLOR]]$INFO[VideoPlayer.ChannelName,,[COLOR=Orange]  •  [/COLOR]]$INFO[VideoPlayer.Artist,,[COLOR=Orange]  •  [/COLOR]]$INFO[VideoPlayer.Title,,[COLOR=Orange]  •  [/COLOR]][COLOR=Grey3]$INFO[VideoPlayer.Time]$INFO[VideoPlayer.Duration, - ][/COLOR]</label>
        </control>
      </control>
      <control type="label">
        <posx>30r</posx>
        <posy>0</posy>
        <width>500</width>
        <height>35</height>
        <align>right</align>
        <font>Details</font>
        <textcolor>White</textcolor>
        <shadowcolor>ShadowDark</shadowcolor>
        <label>$VAR[Time]</label>
      </control>
    </control>
  </include>
  <include name="SeekbarLabels">
    <posx>0</posx>
    <posy>534</posy>
    <height>70</height>
    <width>1920</width>
    <align>center</align>
    <font>size24B</font>
    <textcolor>White2</textcolor>
    <shadowcolor>Shadow</shadowcolor>
    <animation effect="fade" time="200">VisibleChange</animation>
  </include>
  <include name="MiniBackground">
    <control type="image" description="Default BG">
      <posx>0</posx>
      <posy>0</posy>
      <width>1920</width>
      <height>1080</height>
      <texture>img/BlackDot.png</texture>
    </control>
  </include>
  <include name="Stars">
    <visible>!IsEmpty(ListItem.StarRating)</visible>
	<height>24</height>
    <width>174</width>
    <aspectratio align="left">keep</aspectratio>
    <colordiffuse>Silver</colordiffuse>
    <texture>$INFO[ListItem.StarRating]</texture>
  </include>
  <!--<include name="Stars">
    <height>24</height>
    <width>174</width>
    <aspectratio align="left">keep</aspectratio>
    <colordiffuse>Silver</colordiffuse>
    <texture>$VAR[Stars]</texture>
  </include>-->
  <include name="ListWatchedOverlay">
    <control type="image">
      <posx>52r</posx>
      <posy>0</posy>
      <width>22</width>
      <height>72</height>
      <texture>$VAR[Overlay]</texture>
      <aspectratio aligny="center">keep</aspectratio>
    </control>
  </include>
  <include name="ThumbBorder">
    <bordertexture border="10">thumbs/Border.png</bordertexture>
    <bordersize>9</bordersize>
  </include>
  <include name="ThumbBorderInside">
    <texture border="10">thumbs/Border.png</texture>
    <bordersize>-9</bordersize>
  </include>
  <include name="EpisodeThumb">
    <texture background="true" diffuse="thumbs/EpisodeDiffuse.png">$VAR[Thumbs]</texture>
    <aspectratio scalediffuse="false">scale</aspectratio>
  </include>
  <include name="EpisodeThumbBG">
    <bordersize>-18</bordersize>
    <texture>thumbs/EpisodeBG_NF.png</texture>
  </include>
  <include name="EpisodeThumbFO">
    <bordersize>-18</bordersize>
    <texture>thumbs/EpisodeBG_FO.png</texture>
  </include>
  <include name="SquareThumb">
    <texture background="true" diffuse="thumbs/SquareDiffuse.png">$VAR[Thumbs]</texture>
    <aspectratio aligny="top" scalediffuse="false">scale</aspectratio>
  </include>
  <include name="SquareThumbBG">
    <bordersize>-16</bordersize>
    <texture>thumbs/SquareBG_NF.png</texture>
  </include>
  <include name="SquareThumbFO">
    <bordersize>-16</bordersize>
    <texture>thumbs/SquareBG_FO.png</texture>
  </include>
  <include name="PosterThumb">
    <texture background="true" diffuse="thumbs/PosterDiffuse.png">$VAR[Thumbs]</texture>
    <aspectratio aligny="top" scalediffuse="false">scale</aspectratio>
  </include>
  <include name="PosterThumbBG">
    <bordersize>-15</bordersize>
    <texture>thumbs/PosterBG_NF.png</texture>
  </include>
  <include name="PosterThumbFO">
    <bordersize>-15</bordersize>
    <texture>thumbs/PosterBG_FO.png</texture>
  </include>
  <include name="FullscreenInfoLabelMain">
    <posx>300</posx>
    <posy>0</posy>
    <width>1200</width>
    <scroll>false</scroll>
    <align>left</align>
    <font>size24B</font>
    <textcolor>White2</textcolor>
    <animation effect="fade" time="200">VisibleChange</animation>
  </include>
  <include name="FullscreenInfoLabel2">
    <posx>300</posx>
    <posy>45</posy>
    <width>1200</width>
    <scroll>false</scroll>
    <align>left</align>
    <textcolor>Grey</textcolor>
    <animation effect="fade" time="200">VisibleChange</animation>
  </include>
  <include name="9000Buttons">
    <width>444</width>
    <textoffsetx>10</textoffsetx>
    <disabledcolor>Grey</disabledcolor>
  </include>
  <include name="9000ViewButtons">
    <height>54</height>
    <width>500</width>
    <font>ViewMenu</font>
    <textoffsetx>30</textoffsetx>
    <disabledcolor>Grey</disabledcolor>
    <textureradiofocus>img/ArrowRightFO.png</textureradiofocus>
    <textureradionofocus>-</textureradionofocus>
    <radiowidth>15</radiowidth>
    <radioheight>60</radioheight>
    <radioposx>5</radioposx>
  </include>
  <include name="9000SysButtons">
    <height>54</height>
    <width>500</width>
    <font>ViewMenu</font>
    <radioposx>390</radioposx>
    <textoffsetx>30</textoffsetx>
    <disabledcolor>Grey</disabledcolor>
  </include>
  <include name="9000Commons" description="Regular BG">
    <visible allowhiddenfocus="true">ControlGroup(9000).HasFocus()</visible>
    <animation type="Visible">
      <effect type="fade" start="0" end="100" time="250" />
      <effect type="slide" tween="circle" easing="out" start="0,0" end="500,0" time="350" />
    </animation>
    <animation type="Hidden">
      <effect type="fade" start="100" end="0" time="250" delay="0" />
      <effect type="slide" start="500,0" end="0,0" time="250" />
    </animation>
    <control type="image">
      <posx>-500</posx>
      <posy>0</posy>
      <width>510</width>
      <height>1080</height>
      <texture border="0,0,30,0">common/ViewMenu.png</texture>
    </control>
  </include>
  <include name="9000GrouplistParameters">
    <posx>-499</posx>
    <posy>60</posy>
    <width>500</width>
    <height>1120</height>
    <itemgap>0</itemgap>
    <onleft>9001</onleft>
    <onright>50</onright>
    <onup>9000</onup>
    <ondown>9000</ondown>
    <onback>50</onback>
    <scrolltime>200</scrolltime>
    <orientation>vertical</orientation>
    <control type="label" id="9140">
      <textcolor>Orange</textcolor>
      <textoffsetx>10</textoffsetx>
      <align>left</align>
      <include>9000ViewButtons</include>
      <label>$LOCALIZE[582]</label>
    </control>
    <!--<control type="button" id="2" description="Views">
          <texturenofocus>-</texturenofocus>
          <include>9000ViewButtons</include>
        </control>-->
    <control type="radiobutton" id="9145" description="View 50">
      <include>9000ViewButtons</include>
      <onclick>Container.SetViewMode(50)</onclick>
      <selected>Control.IsVisible(50)</selected>
      <label>535</label>
    </control>
    <control type="radiobutton" id="9146" description="View 56">
      <visible>Container.Content(TVShows)</visible>
      <include>9000ViewButtons</include>
      <onclick>Container.SetViewMode(56)</onclick>
      <selected>Control.IsVisible(56)</selected>
      <label>Banner List</label>
    </control>
    <control type="radiobutton" id="9147" description="View 52">
      <visible>false</visible>
	  <include>9000ViewButtons</include>
      <onclick>Container.SetViewMode(52)</onclick>
      <selected>Control.IsVisible(52)</selected>
      <label>537</label>
    </control>
    <control type="radiobutton" id="9148" description="View 52 Movies">
      <visible>false</visible>
	  <visible>Control.IsVisible(52) + Container.Content(Movies)</visible>
      <font>ListDetails</font>
      <include>9000SysButtons</include>
      <onclick>Skin.ToggleSetting(52_Movies_UseFanart)</onclick>
      <selected>Skin.HasSetting(52_Movies_UseFanart)</selected>
      <label>- $LOCALIZE[20445]</label>
    </control>
    <control type="radiobutton" id="9149" description="View 52 TV">
      <visible>false</visible>
	  <visible>Control.IsVisible(52) + Container.Content(TVShows)</visible>
      <font>ListDetails</font>
      <include>9000SysButtons</include>
      <onclick>Skin.ToggleSetting(52_TV_UseFanart)</onclick>
      <selected>Skin.HasSetting(52_TV_UseFanart)</selected>
      <label>- $LOCALIZE[20445]</label>
    </control>
    <control type="radiobutton" id="9150" description="View 52 Episodes">
      <visible>false</visible>
	  <visible>Control.IsVisible(52) + Container.Content(Episodes)</visible>
      <font>ListDetails</font>
      <include>9000SysButtons</include>
      <onclick>Skin.ToggleSetting(52_Episodes_UseFanart)</onclick>
      <selected>Skin.HasSetting(52_Episodes_UseFanart)</selected>
      <label>- $LOCALIZE[20445]</label>
    </control>
    <control type="radiobutton" id="9151" description="View 52 Episodes">
      <visible>false</visible>
	  <visible>Control.IsVisible(52) + Container.Content(Albums)</visible>
      <font>ListDetails</font>
      <include>9000SysButtons</include>
      <onclick>Skin.ToggleSetting(52_Albums_UseFanart)</onclick>
      <selected>Skin.HasSetting(52_Albums_UseFanart)</selected>
      <label>- $LOCALIZE[20445]</label>
    </control>
    <control type="radiobutton" id="9153" description="View 51">
      <include>9000ViewButtons</include>
      <onclick>Container.SetViewMode(51)</onclick>
      <selected>Control.IsVisible(51)</selected>
      <label>Panel</label>
    </control>
    <control type="radiobutton" id="9154" description="View 54">
      <include>9000ViewButtons</include>
      <onclick>Container.SetViewMode(54)</onclick>
      <selected>Control.IsVisible(54)</selected>
      <label>Low List</label>
    </control>
    <control type="radiobutton" id="9155" description="View 53">
      <include>9000ViewButtons</include>
      <onclick>Container.SetViewMode(53)</onclick>
      <selected>Control.IsVisible(53)</selected>
      <label>536</label>
    </control>
    <control type="radiobutton" id="9156" description="View 53 Banners">
      <visible>Control.IsVisible(53) + Container.Content(TVShows)</visible>
      <font>ListDetails</font>
      <include>9000SysButtons</include>
      <onclick>Skin.ToggleSetting(53_UseBanners)</onclick>
      <selected>Skin.HasSetting(53_UseBanners)</selected>
      <label>- $LOCALIZE[31992]</label>
    </control>
    <control type="radiobutton" id="9157" description="View 53 Bigger">
      <visible>Control.IsVisible(53) + [[Container.Content(TvShows) + !Skin.HasSetting(53_UseBanners)] | container.content(musicvideos) | container.content(movies) | container.content(seasons)]</visible>
      <font>ListDetails</font>
      <include>9000SysButtons</include>
      <onclick>Skin.ToggleSetting(53_BigGrid)</onclick>
      <selected>Skin.HasSetting(53_BigGrid)</selected>
      <label>$LOCALIZE[491]</label>
    </control>
    <control type="radiobutton" id="9158" description="View 55 BigPanel">
      <visible>Skin.HasSetting(plexbmc) | !Window.IsActive(MyMusicSongs.xml)</visible>
      <include>9000ViewButtons</include>
      <onclick>Container.SetViewMode(55)</onclick>
      <selected>Control.IsVisible(55)</selected>
      <label>Big Panel</label>
    </control>
    <control type="radiobutton" id="9159" description="View 57 EPISODES">
      <visible>container.content(episodes)</visible>
      <include>9000ViewButtons</include>
      <onclick>Container.SetViewMode(57)</onclick>
      <selected>Control.IsVisible(57)</selected>
      <label>20445</label>
    </control>
    <control type="radiobutton" id="9160" description="View 57 Enable gallery for EPISODES">
      <visible>Control.IsVisible(57) + container.content(episodes)</visible>
      <font>ListDetails</font>
      <include>9000SysButtons</include>
	  <onclick>Skin.Reset(Episodes_Info)</onclick>
      <onclick>Skin.ToggleSetting(Episodes_Gallery)</onclick>
      <selected>Skin.HasSetting(Episodes_Gallery)</selected>
      <label>- $LOCALIZE[31970]</label>
    </control>
	<control type="radiobutton" id="9161" description="View 57 Enable info for EPISODES">
      <visible>Control.IsVisible(57) + container.content(episodes)</visible>
      <font>ListDetails</font>
      <include>9000SysButtons</include>
	  <onclick>Skin.Reset(Episodes_Gallery)</onclick>
      <onclick>Skin.ToggleSetting(Episodes_Info)</onclick>
      <selected>Skin.HasSetting(Episodes_Info)</selected>
      <label>- $LOCALIZE[31968]</label>
    </control>
    <control type="radiobutton" id="9162" description="View 58 SQUARES">
      <visible>![[container.content(MusicVideos) + Window.IsActive(myvideonav.xml)] | container.content(movies) | container.content(tvshows) | container.content(seasons) | container.content(episodes)]</visible>
      <include>9000ViewButtons</include>
      <onclick>Container.SetViewMode(58)</onclick>
      <selected>Control.IsVisible(58)</selected>
      <label>20445</label>
    </control>
    <control type="radiobutton" id="9163" description="View 58 Enable gallery for MUSIC">
      <visible>Control.IsVisible(58) + [container.content(albums) | container.content(artists)]</visible>
      <font>ListDetails</font>
      <include>9000SysButtons</include>
      <onclick>Skin.Reset(Music_Info)</onclick>
	  <onclick>Skin.ToggleSetting(Music_Gallery)</onclick>
      <selected>Skin.HasSetting(Music_Gallery)</selected>
      <label>- $LOCALIZE[31970]</label>
    </control>
	<control type="radiobutton" id="9164" description="View 58 Enable Info for MUSIC">
      <visible>Control.IsVisible(58) + [container.content(albums) | container.content(artists)]</visible>
      <font>ListDetails</font>
      <include>9000SysButtons</include>
      <onclick>Skin.Reset(Music_Gallery)</onclick>
	  <onclick>Skin.ToggleSetting(Music_Info)</onclick>
      <selected>Skin.HasSetting(Music_Info)</selected>
      <label>- $LOCALIZE[31968]</label>
    </control>
    <control type="radiobutton" id="9165" description="View 59 POSTERS">
      <visible>[[container.content(MusicVideos) + Window.IsActive(myvideonav.xml)] | container.content(movies) | container.content(tvshows) | container.content(seasons)]</visible>
      <include>9000ViewButtons</include>
      <onclick>Container.SetViewMode(59)</onclick>
      <selected>Control.IsVisible(59)</selected>
      <label>20445</label>
    </control>
    <control type="radiobutton" id="9166" description="View 59 Enable gallery for POSTERS">
      <visible>Control.IsVisible(59) + [[container.content(MusicVideos) + Window.IsActive(myvideonav.xml)] | container.content(movies) | container.content(tvshows) | container.content(seasons)]</visible>
      <font>ListDetails</font>
      <include>9000SysButtons</include>
      <onclick>Skin.Reset(Posters_Info)</onclick>
	  <onclick>Skin.ToggleSetting(Posters_Gallery)</onclick>
      <selected>Skin.HasSetting(Posters_Gallery)</selected>
      <label>- $LOCALIZE[31970]</label>
    </control>
	<control type="radiobutton" id="9167" description="View 59 Enable Info for POSTERS">
      <visible>Control.IsVisible(59) + [[container.content(MusicVideos) + Window.IsActive(myvideonav.xml)] | container.content(movies) | container.content(tvshows) | container.content(seasons)]</visible>
      <font>ListDetails</font>
      <include>9000SysButtons</include>
      <onclick>Skin.Reset(Posters_Gallery)</onclick>
	  <onclick>Skin.ToggleSetting(Posters_Info)</onclick>
      <selected>Skin.HasSetting(Posters_Info)</selected>
      <label>- $LOCALIZE[31968]</label>
    </control>
    <control type="label" id="9180" description="Spacer">
      <height>36</height>
      <textcolor>Orange</textcolor>
      <align>left</align>
      <textoffsetx>10</textoffsetx>
      <include>9000ViewButtons</include>
      <label></label>
    </control>
    <control type="label" id="9181">
      <textcolor>Orange</textcolor>
      <align>left</align>
      <textoffsetx>10</textoffsetx>
      <include>9000ViewButtons</include>
      <label>581</label>
    </control>
  </include>
  <!--NEW end-->
  <include name="KeyboardButtons">
    <texturefocus border="2">common/KeyButtonFO.png</texturefocus>
    <align>center</align>
    <aligny>center</aligny>
    <textoffsetx>0</textoffsetx>
    <width>75</width>
    <height>75</height>
    <font>Keyboard</font>
    <texturenofocus></texturenofocus>
    <alttexturenofocus></alttexturenofocus>
  </include>
  <include name="KeyboardNumButtons">
    <texturefocus border="2">common/KeyButtonFO.png</texturefocus>
    <align>center</align>
    <aligny>center</aligny>
    <textoffsetx>0</textoffsetx>
    <width>75</width>
    <height>75</height>
    <font>Keyboard</font>
    <texturenofocus></texturenofocus>
    <alttexturenofocus></alttexturenofocus>
  </include>
  <include name="List_9009_Commons" description="Video Info metadata container">
    <posx>0</posx>
    <posy>0</posy>
    <width>999</width>
    <height>504</height>
    <onleft>-</onleft>
    <onright>-</onright>
    <onup>9000</onup>
    <ondown>9000</ondown>
    <pagecontrol>-</pagecontrol>
    <itemlayout height="42" width="999">
      <control type="label">
        <posx>200</posx>
        <posy>0</posy>
        <width>200</width>
        <height>45</height>
        <font>Details</font>
        <align>right</align>
        <aligny>center</aligny>
        <textcolor>Grey2</textcolor>
        <selectedcolor>selected</selectedcolor>
        <info>ListItem.Label</info>
        <scroll>false</scroll>
      </control>
      <control type="label">
        <posx>220</posx>
        <posy>0</posy>
        <width>779</width>
        <height>45</height>
        <font>Details</font>
        <align>left</align>
        <aligny>center</aligny>
        <textcolor>Silver</textcolor>
        <selectedcolor>White2</selectedcolor>
        <info>ListItem.Label2</info>
        <scroll>false</scroll>
      </control>
    </itemlayout>
    <focusedlayout height="42" width="999">
      <control type="label">
        <posx>200</posx>
        <posy>0</posy>
        <width>200</width>
        <height>45</height>
        <font>Details</font>
        <align>right</align>
        <aligny>center</aligny>
        <textcolor>Grey2</textcolor>
        <selectedcolor>selected</selectedcolor>
        <info>ListItem.Label</info>
      </control>
      <control type="label">
        <posx>220</posx>
        <posy>0</posy>
        <width>779</width>
        <height>45</height>
        <font>Details</font>
        <align>left</align>
        <aligny>center</aligny>
        <textcolor>Silver</textcolor>
        <selectedcolor>White2</selectedcolor>
        <info>ListItem.Label2</info>
      </control>
    </focusedlayout>
  </include>
  <include name="BG.Defaults">
    <posx>0</posx>
    <posy>0</posy>
    <width>1920</width>
    <height>1080</height>
    <timeperimage>6000</timeperimage>
    <randomize>true</randomize>
    <fadetime>400</fadetime>
    <aspectratio>scale</aspectratio>
    <animation type="WindowOpen">
      <effect type="fade" start="0" end="100" time="400"/>
    </animation>
    <animation type="WindowClose">
      <effect type="fade" start="100" end="0" time="200" delay="700"/>
    </animation>
  </include>
  <include name="Default_Art">
    <control type="multiimage">
      <include>BG.Defaults</include>
      <imagepath background="true">$VAR[Default.Art]</imagepath>
    </control>
  </include>
  <include name="Settings_Art">
    <control type="multiimage">
      <include>BG.Defaults</include>
      <imagepath background="true">$VAR[Settings.Art]</imagepath>
    </control>
  </include>
  <include name="Pvr_Art">
    <control type="multiimage">
      <include>BG.Defaults</include>
      <imagepath background="true">$VAR[Pvr.Art]</imagepath>
    </control>
  </include>
  <include name="Pictures_Art">
    <control type="multiimage">
      <include>BG.Defaults</include>
      <imagepath background="true">$VAR[Pictures.Art]</imagepath>
    </control>
  </include>
  <include name="Weather_Art">
    <control type="multiimage">
      <include>BG.Defaults</include>
      <imagepath background="true">$VAR[Weather.Art]</imagepath>
    </control>
  </include>
  <include name="Fanart_Art">
    <control type="multiimage">
      <visible>Window.IsActive(MyPics.xml)</visible>
	  <include>BG.Defaults</include>
      <imagepath background="true">$VAR[Pictures.Art]</imagepath>
    </control>
	<control type="multiimage" description="FA fullscreen">
      <visible>!Window.IsActive(MyPics.xml)</visible>
	  <visible>![Control.IsVisible(52) | Control.IsVisible(55) | Control.IsVisible(53) | [Control.IsVisible(58) + Skin.HasSetting(Music_Info)] | [Control.IsVisible(57) + Skin.HasSetting(Episodes_Info)] | [Control.IsVisible(59) + Skin.HasSetting(Posters_Info)]]</visible>
      <include>VisibleFadeEffect</include>
      <posx>0</posx>
      <posy>0</posy>
      <width>1920</width>
      <height>1080</height>
      <timeperimage>6000</timeperimage>
      <randomize>true</randomize>
      <fadetime>400</fadetime>
      <aspectratio>scale</aspectratio>
      <imagepath background="true">$VAR[Fanart.Art]</imagepath>
    </control>
	<control type="group" description="FA slideshow INFO">
	<visible>!Window.IsActive(MyPics.xml)</visible>
	  <visible>[Control.IsVisible(58) + Skin.HasSetting(Music_Info)] | [Control.IsVisible(57) + Skin.HasSetting(Episodes_Info)] | [Control.IsVisible(59) + Skin.HasSetting(Posters_Info)]</visible>
	  <include>VisibleFadeEffect</include>
	  <control type="multiimage" description="FA slideshow INFO">
      <include>VisibleFadeEffect</include>
	  <posx>0</posx>
      <posy>0</posy>
      <width>1280</width>
      <height>720</height>
      <timeperimage>6000</timeperimage>
      <randomize>true</randomize>
      <fadetime>400</fadetime>
      <aspectratio>scale</aspectratio>
      <imagepath background="true">$VAR[Fanart.Art]</imagepath>
    </control>
	<control type="image" description="Info panel BG">
      <include>VisibleFadeEffect</include>
	  <posx>1280</posx>
      <posy>0</posy>
      <width>640</width>
      <height>720</height>
      <texture border="150,0,0,0">info/InfoRightPanelTop2.png</texture>
	</control>
	</control>
    <control type="multiimage" description="FA">
      <visible>Control.IsVisible(52) | Control.IsVisible(55) | Control.IsVisible(53)</visible>
      <include>VisibleFadeEffect</include>
      <posx>0</posx>
      <posy>0</posy>
      <width>1920</width>
      <height>1080</height>
      <timeperimage>6000</timeperimage>
      <randomize>true</randomize>
      <fadetime>400</fadetime>
      <aspectratio>scale</aspectratio>
      <imagepath background="true">$VAR[Default.Art]</imagepath>
    </control>
    <!--<control type="image" description="fa overlay">
      <visible>Control.IsVisible(50)</visible>
      <posx>0</posx>
      <posy>405</posy>
      <width>1920</width>
      <height>675</height>
      <aspectratio>stretch</aspectratio>
      <texture>common/OverlayList.png</texture>
    </control>-->
    <control type="image" description="fa overlay">
      <visible>Control.IsVisible(50) | Control.IsVisible(51) | Control.IsVisible(56)</visible>
      <posx>0</posx>
      <posy>330</posy>
      <width>1920</width>
      <height>750</height>
      <texture>common/OverlayPanel.png</texture>
    </control>
    <control type="image" description="fa overlay">
      <visible>Control.IsVisible(52) | Control.IsVisible(53) | Control.IsVisible(55)</visible>
      <posx>0</posx>
      <posy>0</posy>
      <width>1920</width>
      <height>1080</height>
      <aspectratio>stretch</aspectratio>
      <texture>common/OverlayFS.png</texture>
    </control>
    <!--<control type="image" description="fa overlay">
      <visible>Control.IsVisible(53)</visible>
      <posx>0</posx>
      <posy>0</posy>
      <width>1920</width>
      <height>1080</height>
      <aspectratio>stretch</aspectratio>
      <texture>common/OverlayFS.png</texture>
    </control>-->
    <control type="image" description="fa overlay">
      <visible>Control.IsVisible(54)</visible>
      <posx>0</posx>
      <posy>663</posy>
      <width>1920</width>
      <height>417</height>
      <aspectratio>stretch</aspectratio>
      <texture>common/OverlayLowList.png</texture>
    </control>
    <!--<control type="image" description="fa overlay">
      <visible>Control.IsVisible(55)</visible>
      <posx>0</posx>
      <posy>0</posy>
      <width>1920</width>
      <height>1080</height>
      <aspectratio>stretch</aspectratio>
      <texture>common/OverlayFS.png</texture>
    </control>-->
    <!--<control type="image" description="fa overlay">
      <visible>Control.IsVisible(56)</visible>
      <posx>0</posx>
      <posy>405</posy>
      <width>1920</width>
      <height>675</height>
      <aspectratio>stretch</aspectratio>
      <texture>common/OverlayList.png</texture>
    </control>-->
    <control type="group">
      <visible>Control.IsVisible(57) | Control.IsVisible(58) | Control.IsVisible(59)</visible>
      <control type="image">
		<animation effect="slide" easing="out" start="0,0" end="0,62" time="350" delay="0" center="120,350" reversible="true" condition="[Control.IsVisible(58) + Skin.HasSetting(Music_Info)] | [Control.IsVisible(57) + Skin.HasSetting(Episodes_Info)] | [Control.IsVisible(59) + Skin.HasSetting(Posters_Info)]">Conditional</animation>
		<animation effect="slide" easing="out" start="0,0" end="0,-66" time="350" delay="0" center="120,350" reversible="true" condition="Control.HasFocus(7000)">Conditional</animation>
        <animation effect="fade" start="100" end="80" time="350" delay="0" center="120,350" reversible="true" condition="Control.HasFocus(7000)">Conditional</animation>
        <posx>0</posx>
        <posy>655</posy>
        <width>1920</width>
        <height>390</height>
        <aspectratio>stretch</aspectratio>
        <texture>common/OverlayHorizontal2.png</texture>
      </control>
      <control type="image">
        <visible>![Control.HasFocus(7000)]</visible>
		<animation effect="fade" start="100" end="0" time="250" delay="80" condition="[Control.IsVisible(58) + Skin.HasSetting(Music_Info)] | [Control.IsVisible(57) + Skin.HasSetting(Episodes_Info)] | [Control.IsVisible(59) + Skin.HasSetting(Posters_Info)]">Conditional</animation>
		<animation effect="slide" start="0,0" end="0,80" time="250" delay="80" condition="[Control.IsVisible(58) + Skin.HasSetting(Music_Info)] | [Control.IsVisible(57) + Skin.HasSetting(Episodes_Info)] | [Control.IsVisible(59) + Skin.HasSetting(Posters_Info)]">Conditional</animation>
        <animation effect="fade" start="100" end="0" time="50" delay="0">Hidden</animation>
        <animation effect="fade" start="0" end="100" time="100" delay="250">Visible</animation>
        <posx>0</posx>
        <posy>990</posy>
        <width>1920</width>
        <height>120</height>
        <texture>img/Footer.png</texture>
      </control>
    </control>
  </include>
</includes>
