﻿<?xml version="1.0" encoding="UTF-8"?>
<window>
   
   <defaultcontrol always="true">50</defaultcontrol>
  <controls>
 	<control type="group" description="fanart">
      <include>Fanart_Art</include>
    </control>
    <include>View_50</include>
    <include>View_51_Panel_Music</include>
	<!--<include>View_52_BigList</include>-->
    <include>View_53_Grid</include>
    <include>View_54_LowList</include>
    <include>View_55_BigPanel</include>
    <include>View_56_BannerList</include>
    <!-- Showcase 57 58 & 59 --> 
	<include>View_59_Showcase</include>
	<!-- LIST 55 -->
	<control type="group" description="MediaInfo List 55">
	<visible>Control.IsVisible(55)</visible>
		<control type="image" description="Thumb">
          <posx>60</posx>
          <posy>114</posy>
          <width>690</width>
          <height>900</height>
          <include>Icon_Fade</include>
		  <include>ThumbBorder</include>
          <texture background="true" fallback="DefaultFile.png">$INFO[ListItem.thumb]</texture>
          <aspectratio>keep</aspectratio>
        </control>
		
	</control>
	<!-- LIST 50 -->
	<control type="group" description="MediaInfo List 50">
	<visible>Control.IsVisible(50)</visible>
	<control type="image" description="Thumb BG">
          <posx>60</posx>
          <posy>480</posy>
          <width>555</width>
          <height>555</height>
          <bordersize>-29</bordersize>
          <texture>thumbs/SquareBG_NF.png</texture>
		  <aspectratio>scale</aspectratio>
        </control>
		<control type="image" description="Thumb">
          <posx>60</posx>
          <posy>480</posy>
          <width>555</width>
          <height>555</height>
          <include>Icon_Fade</include>
          <texture background="true" fallback="DefaultFile.png" diffuse="thumbs/SquareDiffuse.png">$INFO[ListItem.thumb]</texture>
          <aspectratio aligny="top" scalediffuse="false">scale</aspectratio>
        </control>
		
	</control>	
	<!-- BIGLIST 52 -->
	<!--<control type="group" description="52 MediaInfo">
      <visible>Control.IsVisible(52)</visible>
      <posy>75</posy>
	  <control type="image" description="Thumb">
        <posx>93</posx>
        <posy>60</posy>
        <width>816</width>
        <height>522</height>
        <include>Icon_Fade</include>
		<include>ThumbBorder</include>
        <texture fallback="DefaultFolder.png" background="true">$VAR[Thumbs_52]</texture>
        <aspectratio aligny="bottom">keep</aspectratio>
      </control>
      <control type="group" description="Media info">
        <posx>99</posx>
        <posy>528</posy>
        <control type="label" description="Title">
          <posy>150</posy>
          <width>800</width>
          <height>33</height>
          <font>InfoTitle</font>
          <textcolor>Orange</textcolor>
          <shadowcolor>Black</shadowcolor>
          <align>center</align>
          <scroll>false</scroll>
          <label>$INFO[ListItem.Label]</label>
        </control>
        <control type="label" description="Details">
          <posy>230</posy>
          <width>800</width>
          <height>33</height>
          <font>Details</font>
          <shadowcolor>Black</shadowcolor>
          <align>center</align>
		  <label>$VAR[Details]</label>
        </control>
		<control type="label" description="Genre">
          <posy>280</posy>
          <width>800</width>
          <height>33</height>
          <font>Details</font>
          <shadowcolor>Black</shadowcolor>
          <align>center</align>
		  <label>$INFO[ListItem.Genre]</label>
        </control>
		<control type="label" description="Year">
          <posy>330</posy>
          <width>800</width>
          <height>33</height>
          <font>Details</font>
          <shadowcolor>Black</shadowcolor>
          <align>center</align>
		  <label>$INFO[ListItem.Year]</label>
        </control>
		<control type="label" description="Addon version">
          <visible>Container.Content(addons)</visible>
		  <posy>405</posy>
          <width>800</width>
          <height>33</height>
          <font>Details</font>
          <textcolor>Orange</textcolor>
          <align>center</align>
		  <label>$INFO[ListItem.Label2]</label>
        </control>
		
        <control type="image" description="Stars">
          <posx>-4</posx>
          <posy>410</posy>
          <include>Stars</include>
        </control>
        <control type="image" description="HD badge">
          <visible>![ListItem.IsFolder | IsEmpty(ListItem.VideoResolution) | !IntegerGreaterThan(ListItem.VideoResolution,710)]</visible>
          <posx>120</posx>
          <posy>482</posy>
          <height>24</height>
          <width>90</width>
          <aspectratio aligny="bottom" align="right">keep</aspectratio>
          <texture>badges/HD.png</texture>
        </control>
      </control>
    </control>-->
	<!-- LOWLIST 54 -->
	<control type="group" description="MediaInfo List 50">
	<posx>80</posx>
	<posy>630</posy>
	<visible>Control.IsVisible(54)</visible>
	<control type="image" description="Thumb BG">
          <width>420</width>
          <height>420</height>
          <bordersize>-22</bordersize>
          <texture>thumbs/SquareBG_NF.png</texture>
		  <aspectratio>scale</aspectratio>
        </control>
		<control type="image" description="Thumb">
          <width>420</width>
          <height>420</height>
          <include>Icon_Fade</include>
          <texture background="true" fallback="DefaultFolder.png" diffuse="thumbs/SquareDiffuse.png">$INFO[ListItem.thumb]</texture>
          <aspectratio aligny="top" scalediffuse="false">scale</aspectratio>
        </control>
	</control>
	<include>Time</include>
	<control type="group" description="Side menu 9000 group">
      <include>9000Commons</include>
      <control type="grouplist" id="9000">
        <include>9000GrouplistParameters</include>
        <control type="button" id="3" description="Sort">
          <include>9000SysButtons</include>
        </control>
        <control type="togglebutton" id="4" description="SortMode">
            <alttexturenofocus>-</alttexturenofocus>
            <include>9000SysButtons</include>
            <label>$LOCALIZE[21429]: $LOCALIZE[21430]</label>
            <altlabel>$LOCALIZE[21429]: $LOCALIZE[21431]</altlabel>
          </control>
        <control type="button" id="6" description="Slideshow">
          <disabledcolor>Disabled</disabledcolor>
          <include>9000SysButtons</include>
          <label>108</label>
          <visible>!ListItem.IsFolder</visible>
        </control>
        <control type="button" id="7" description="Recursive slideshow">
          <disabledcolor>Disabled</disabledcolor>
          <include>9000SysButtons</include>
          <label>13318</label>
          <visible>ListItem.IsFolder</visible>
        </control>
        <control type="radiobutton" id="9" description="Randomize">
          <include>9000SysButtons</include>
          <label>13319</label>
        </control>
        <control type="button" id="699" description="Playing">
          <enable>Player.HasMedia</enable>
          <include>9000SysButtons</include>
          <label>$LOCALIZE[16003]</label>
          <onclick>fullscreen</onclick>
        </control>
      </control>
    </control>
    
    
  </controls>
</window>