<?xml version="1.0" encoding="UTF-8"?>
<includes>
  <include name="BigPanelPosterDimensions">
    <posx>18</posx>
    <posy>40</posy>
    <width>246</width>
    <height>369</height>
  </include>
  <include name="BigPanelSquareDimensions">
    <posx>18</posx>
    <posy>18</posy>
    <width>247</width>
    <height>247</height>
    <aspectratio aligny="top">scale</aspectratio>
  </include>
  <include name="BigPanelEpisodeDimensions">
    <posx>18</posx>
    <posy>18</posy>
    <width>342</width>
    <height>246</height>
  </include>
  <include name="View_55_BigPanel">
    <control type="group" description="Big Panel">
      <visible>Control.IsVisible(55)</visible>
	  <control type="panel" id="55" description="Big Panel">
          <viewtype label="Big Panel">Big Panel</viewtype>
          <posx>750</posx>
          <posy>120</posy>
          <width>1136</width>
          <height>900</height>
          <orientation>vertical</orientation>
          <onleft>9000</onleft>
          <onright>60</onright>
          <onup>55</onup>
          <ondown>55</ondown>
          <preloaditems>4</preloaditems>
          <pagecontrol>60</pagecontrol>
          <scrolltime>400</scrolltime>
          <itemlayout condition="container.content(MusicVideos) | Container.Content(tvshows) | Container.Content(Movies) | container.content(seasons)" height="450" width="282">
            <control type="image">
              <include>BigPanelPosterDimensions</include>
              <bordersize>-17</bordersize>
              <include>PosterThumbBG</include>
            </control>
            <control type="image">
              <include>BigPanelPosterDimensions</include>
              <include>PosterThumb</include>
            </control>
          </itemlayout>
          <focusedlayout condition="container.content(MusicVideos) | Container.Content(tvshows) | Container.Content(Movies) | container.content(seasons)" height="450" width="282">
            <control type="image">
              <include>BigPanelPosterDimensions</include>
              <bordersize>-17</bordersize>
              <include>PosterThumbFO</include>
            </control>
            <control type="image">
              <include>BigPanelPosterDimensions</include>
              <include>PosterThumb</include>
            </control>
          </focusedlayout>
          <itemlayout condition="container.content(addons) | Window.IsActive(MyMusicNav.xml) | Window.IsActive(MyMusicSongs.xml) | Window.IsActive(MyPics.xml)" height="300" width="284">
            <control type="image">
              <include>BigPanelSquareDimensions</include>
              <bordersize>-14</bordersize>
              <include>SquareThumbBG</include>
            </control>
            <control type="image">
              <include>BigPanelSquareDimensions</include>
              <include>SquareThumb</include>
            </control>
          </itemlayout>
          <focusedlayout condition="container.content(addons) | Window.IsActive(MyMusicNav.xml) | Window.IsActive(MyMusicSongs.xml) | Window.IsActive(MyPics.xml)" height="300" width="284">
            <control type="image">
              <include>BigPanelSquareDimensions</include>
              <bordersize>-14</bordersize>
              <include>SquareThumbFO</include>
            </control>
            <control type="image">
              <include>BigPanelSquareDimensions</include>
              <include>SquareThumb</include>
            </control>
          </focusedlayout>
          <itemlayout condition="container.content(episodes)" height="300" width="378">
            <control type="image">
              <include>BigPanelEpisodeDimensions</include>
              <include>EpisodeThumbBG</include>
            </control>
            <control type="image">
              <include>BigPanelEpisodeDimensions</include>
              <include>EpisodeThumb</include>
            </control>
            <control type="group">
              <control type="image">
                <posx>9</posx>
                <posy>189</posy>
                <width>360</width>
                <height>70</height>
                <bordersize>9</bordersize>
                <texture>img/OverlayStripe.png</texture>
              </control>
              <control type="label">
                <posx>30</posx>
                <posy>189</posy>
                <width>300</width>
                <height>70</height>
                <font>Slider</font>
                <label>$INFO[ListItem.Season,,.]$INFO[ListItem.Episode]</label>
              </control>
			  <control type="image" description="Watched Overlay">
              <posx>324</posx>
              <posy>189</posy>
              <width>24</width>
              <height>70</height>
              <texture>$VAR[Overlay]</texture>
              <aspectratio>keep</aspectratio>
            </control>
            </control>
            
          </itemlayout>
          <focusedlayout condition="container.content(episodes)" height="300" width="378">
            <control type="image">
              <include>BigPanelEpisodeDimensions</include>
              <include>EpisodeThumbFO</include>
            </control>
            <control type="image">
              <include>BigPanelEpisodeDimensions</include>
              <include>EpisodeThumb</include>
            </control>
            <control type="group">
              <control type="image">
                <posx>9</posx>
                <posy>189</posy>
                <width>360</width>
                <height>70</height>
                <bordersize>9</bordersize>
                <texture>img/OverlayStripe.png</texture>
              </control>
              <control type="label">
                <posx>30</posx>
                <posy>189</posy>
                <width>300</width>
                <height>70</height>
                <font>Slider</font>
                <label>$INFO[ListItem.Season,,.]$INFO[ListItem.Episode]</label>
              </control>
			  <control type="image" description="Watched Overlay">
              <posx>324</posx>
              <posy>189</posy>
              <width>24</width>
              <height>70</height>
              <texture>$VAR[Overlay]</texture>
              <aspectratio>keep</aspectratio>
            </control>
            </control>
          </focusedlayout>
          <itemlayout condition="![Container.Content(tvshows) | Container.Content(Movies) | container.content(seasons) | container.content(episodes) | container.content(addons) | Window.IsActive(MyMusicNav.xml) | Window.IsActive(MyMusicSongs.xml) | Window.IsActive(MyPics.xml)]" height="300" width="354">
            <control type="image">
              <posx>2</posx>
              <posy>12</posy>
              <width>350</width>
              <height>276</height>
              <texture fallback="DefaultFolder.png" background="true">$INFO[ListItem.thumb]</texture>
              <bordertexture border="25">img/FrameNF.png</bordertexture>
              <bordersize>27</bordersize>
              <aspectratio>keep</aspectratio>
            </control>
            <control type="label" description="Title Label">
              <posx>177</posx>
              <posy>270</posy>
              <width>320</width>
              <height>30</height>
              <align>center</align>
              <font>ListDetails</font>
              <scroll>false</scroll>
              <label>$INFO[ListItem.Label]</label>
            </control>
          </itemlayout>
          <focusedlayout condition="![Container.Content(tvshows) | Container.Content(Movies) | container.content(seasons) | container.content(episodes) | container.content(addons) | Window.IsActive(MyMusicNav.xml) | Window.IsActive(MyMusicSongs.xml) | Window.IsActive(MyPics.xml)]" height="300" width="354">
            <control type="image">
              <posx>2</posx>
              <posy>12</posy>
              <width>350</width>
              <height>276</height>
              <texture fallback="DefaultFolder.png" background="true">$INFO[ListItem.thumb]</texture>
              <bordertexture border="25">img/Frame.png</bordertexture>
              <bordersize>27</bordersize>
              <aspectratio>keep</aspectratio>
            </control>
            <control type="label" description="Title Label">
              <posx>177</posx>
              <posy>270</posy>
              <width>320</width>
              <height>30</height>
              <align>center</align>
              <font>ListDetails</font>
              <textcolor>Orange</textcolor>
              <label>$INFO[ListItem.Label]</label>
            </control>
          </focusedlayout>
        </control>
      <control type="image">
        <visible>Control.HasFocus(60)</visible>
        <include>VisibleFadeEffect</include>
        <posx>28r</posx>
        <posy>360</posy>
        <height>700</height>
        <width>36</width>
        <aspectratio>stretch</aspectratio>
        <texture>OSD/LineScroll2.png</texture>
      </control>
      <control type="scrollbar" id="60">
        <animation effect="slide" start="0,0" end="-8,0" time="150">Focus</animation>
        <animation effect="slide" start="-8,0" end="0,0" time="300">UnFocus</animation>
        <posx>20r</posx>
        <posy>360</posy>
        <width>36</width>
        <height>700</height>
        <texturesliderbackground>-</texturesliderbackground>
        <texturesliderbar>-</texturesliderbar>
        <texturesliderbarfocus>-</texturesliderbarfocus>
        <textureslidernib border="18">OSD/ScrollbarNibNF.png</textureslidernib>
        <textureslidernibfocus border="18">OSD/ScrollbarNibFO.png</textureslidernibfocus>
        <showonepage>false</showonepage>
        <orientation>vertical</orientation>
        <onleft>55</onleft>
        <onright>9000</onright>
      </control>
    </control>
  </include>
</includes>
